Title,Part,Persons,Primary person,Wikidata ID,Primary person role,Edition,Language/s,Publication statement,Extent,Type of content,Series,Note,ISBN,Subject,Location,Shelf mark,Subject heading,Further documents,Collective title,Manufacture statement,Abstract,Corporate body,Record place and date,Form of work,Notes,Title of work,Wrong ISBN,Link to digital copy,Bibliogr. context,Further information,Copyright date,Further title,Parallel title proper
Šāhnāma-i Firdausī : taṣḥīḥ-i intiqādī wa šarḥ-i yakāyak-i abyāt / Mihrī Bihfar شاهنامه فردوسی : تصحیح انتقادی و شرح یکایک ابیات / مهری بهفر,Daftar-i 5 دفتر 5,"Firdausī *940-1020* [VerfasserIn] ; فردوسى *940-1020* [VerfasserIn] Bihfar, Mihrī *1973-* [HerausgeberIn] ; بهفر, مهری *1973-* [HerausgeberIn]",Ferdowsi,Q43459,VerfasserIn,Čāp-i 5 - چاپ 5,Persian,"Tihrān : Farhang-i Našr-i Nau ; تهران : فرهنگ نشر نو, 1402 h.š. [2023]","12, 526 Seiten ; 25 cm",Quelle,Kitābḫāna-i Adabīyāt-i Šāhnāma کتابخانۀ ادبيات شاهنامه,"Ersch.-Jahr 1402 h.š. = 2023 In arabischer Schrift, persisch",978-600-8547-65-5,18.69 Iranische Sprachen und Literaturen 17.97 Texte eines einzelnen Autors | KJQ 656 Epen {Persisch},ALS1,KJQ 656 Fir:z = 2024 A 4987:5,,,,,,,,,,,,,,,,,
Šāhnāma-i Firdausī : taṣḥīḥ-i intiqādī wa šarḥ-i yakāyak-i abyāt / Mihrī Bihfar شاهنامه فردوسی : تصحیح انتقادی و شرح یکایک ابیات / مهری بهفر,Daftar-i 2 دفتر 2,"Firdausī *940-1020* [VerfasserIn] ; فردوسى *940-1020* [VerfasserIn] Bihfar, Mihrī *1973-* [HerausgeberIn] ; بهفر, مهری *1973-* [HerausgeberIn]",Ferdowsi,Q43459,VerfasserIn,Čāp-i 6 - چاپ 6,Persian,"Tihrān : Farhang-i Našr-i Nau ; تهران : فرهنگ نشر نو, 1402 h.š. [2023]","23, 568 Seiten ; 25 cm",Quelle,,"Ersch.-Jahr 1402 h.š. = 2023 In arabischer Schrift, persisch",978-964-7443-59-3,18.69 Iranische Sprachen und Literaturen 17.97 Texte eines einzelnen Autors | KJQ 656 Epen {Persisch},ALS1,KJQ 656 Fir:z = 2024 A 4987:2,,,,,,,,,,,,,,,,,
Marzbān-nāma : bā maʿnī-i wāžahā wa šarḥ-i baithā wa ǧumlahā-i dušwār wa taʿyīn-i buḥūr-i ašʿār-i Tāzī wa Pārsī wa barḫī nuktahā-i dastūrī wa adabī wa amṯāl wa ḥikam / [tarǧuma-i Saʿd ad-Dīn Warāwīnī] ; ba-kūšiš-i Ḫalīl Ḫaṭīb Rahbar مرزبان‌نامه : با معنى واژه‌ها و شرح بىت‌ها و جمله‌هاى دشوار و تعىىن بحور اشعار تازى و پارسى و برخى نکته‌هاى دستورى و ادبى و امثال و حکم / [ترجمه سعد الدىن وراوىنى] ؛ بکوشش خلىل خطىب رهبر Marzbān-nāmah : bā maʿnī wāžahā wa šarḥ-i baithā wa ǧumlahā-i dušwār wa taʿyīn-i buḥūr-i āšʿār-i Tāzī wa Pārsī wa barḫī nuktahā-i dastūrī wa ādabī wa amṯāl wa ḥikam / bikūšiš duktur Ḫalīl Ḫaṭīb-Rahbar مرزبان نامه : با معنی واژه ها و شرح بیتها و جمله های دشوار و تعیین بحور اشعار تازی و پارسی و برخی نکته های دستوری و ادبی و امثال و حکم / بکوشش دکتر خلیل خطیب رهبر,,"Ḫaṭīb Rahbar, Ḫalīl [SonstigeR] ; خطیب رهبر, خلیل [SonstigeR]","Ḫaṭīb Rahbar, Ḫalīl",,SonstigeR,čāp 30 - چاپ سی ام,Persian,"Tihrān : Intišārāt-i Ṣafī ʿAlīšāh ; تهران : انتشارات صفى علیشاه, 1402 [2023]",,,,"Fables attributed to Marzubān ibn Rustam; translated from the dialect of Tabaristan into literary Persian by Saʿd al-Dīn al-Varāvīnī Includes bibliographical references (pages 787-789) indexes In arabischer Schrift, persisch",978-964-5626-10-3,18.69 Iranische Sprachen und Literaturen 17.75 Literaturkritik,ALS1,= 2024 A 3680,"*Marzubān Ibn-Rustam *ca. 11. Jh.*. Marzubān-nāma *Fables, Persian -- Early works to 1800",Library of Congress Classification: PN989.P47,,,,,,,,,,,,,,,
"Taḏkira al-awwalīaʾ, ʿaṭṭār (Farīdāldīn Muḥammed ibn Ibrāhīm Nīšābūrī) / muqadamah, taṣḥīḥ wa taʿlīqāt duktur Muḥammed Riḍā Šafīʿī kadkanī تذکرة الَأولیاء عّطار (فریدالدین محّمد بن ابراهیم نیشابوری) / مقدمه، تصحیح و تعلیقات دکتر محّمد رضا شفیعی کدکنی",,"ʿAṭṭār, Farīd-ad-Dīn *1145-1221* [VerfasserIn] ; عطار, فرید الدین *1145-1221* [VerfasserIn] Šafīʿī Kadkanī, Muḥammad Riḍā *1939-* [MitwirkendeR] ; شفیعی کدکنی, محمد رضا *1939-* [MitwirkendeR]",Attar of Nishapur,Q194091,VerfasserIn,čāp 10 - چاپ دهم,Persian,"Tihrān : Intišārāt-i Suḫan ; تهران : انتشارات سخن, 1402 [2023]",2 volumes ; 24 cm,,Majmū'ah-yi Ās̲ār-i 'Aṭṭār ; ... مجموعه آثار عطار ; ...,Abweichender Titel: Tadhkiratu 'l-awliyá Abweichender Titel: Memoirs of the saints In Persian,978-964-372-841-0 set 964-372-841-2 set 978-964-372-840-3 v. 2 964-372-840-4 v. 2,,,,*Muslim saints -- Biography -- Early works to 1800 ; Sufis -- Biography -- Early works to 1800 ; Sufi literature -- Early works to 1800 ; Persian literature -- Early works to 1800 *Biography *Saints musulmans - Biographies - Ouvrages avant 1800 ; Soufis - Biographies - Ouvrages avant 1800 ; Littérature soufie - Ouvrages avant 1800 ; Littérature persane - Ouvrages avant 1800 ; Sufi literature ; Persian literature ; Muslim saints ; Sufis ; Biographies ; Early works ; Biographies,Library of Congress Classification: BP189.4,"Taḏkira al-awwalīaʾ, ʿaṭṭār (Farīdāldīn Muḥammed ibn Ibrāhīm Nīšābūrī) / muqadamah, taṣḥīḥ wa taʿlīqāt duktur Muḥammed Riḍā Šafīʿī kadkanī تذکرة الَأولیاء عّطار (فریدالدین محّمد بن ابراهیم نیشابوری) / مقدمه، تصحیح و تعلیقات دکتر محّمد رضا شفیعی کدکنی",čāp Mahārt چاپ مهارت,,,,,,,,,,,,,
Rīša-yābī-i 1500 ǧānām-i kuhan / Murtaḍā Muʾmin-Zāda ریشه‌ یابی ۱۵۰۰ جانام کهن / مرتضی مومن‌زاده Etymology of 1500 ancient place names / by Dr. Morteza Momenzadeh,,"Muʾmin-zāda, Murtaḍā *ca. 1941/42-* [VerfasserIn] ; مومن‌زاده, مرتضی *ca. 1941/42-* [VerfasserIn]","Muʾmin-zāda, Murtaḍā",,VerfasserIn,Čāp-i awwal - چاپ اول,Persian,"Tihrān : Intišārāt-i Rauzana ; تهران : انتشارات روزنه, 1402 h.š. [2023]","609, 12 Seiten",,,"In arabischer Schrift, persisch. Englisches Abstract.",978-622-234-537-2,18.69 Iranische Sprachen und Literaturen 17.16 Etymologie | KJQ 357 Namenkunde. Onomastik {Neupersisch},ALS1,KJQ 357:y = 2024 B 645,*Iran / Ortsname / Etymologie,,,,"Names, Geographical -- Iran. ; Geography -- Terminology",,,,,,,,,,,,
"Bayāḍ-i daftarḫāna-i humāyūnī-i daulat-i Īrān-i ʿaṣr-i Ṣafawī : daftar-i musawwada, ṯabt wa dastūr-i dabīrī-i nigāriš-i nāmahā-i dīplūmātīk : pažūhišī pīrāmūn-i rawābiṭ-i ḫāriǧī-i Īrān dar rūzgār-i Ṣafawīyān (Urūpā, ʿUṯmānī, Hindūstān, Āsiyā-i Markazī) / pažūhiš, taṣḥīḥ wa tauḍīḥāt-i Manṣūr Ṣifat-Gul; bā muqaddama-i Kāzūʾū Mūrīmūtū بياض دفترخانه همايونى دولت ايران عصر صفوى : دفتر مسوده، ثبت و دستور دبيرى نگارش نامه‌هاى ديپلوماتيک : پژوهشى پيرامون روابط خارجى ايران در روزگار صفويان (اروپا، عثمانى، هندوستان، آسياى مرکزى) / پژوهش، تصحيح و توضيحات منصور صفت‌گل ؛ با مقدمه کازوئو مورى‌موتو Bayaz of the royal chancellery of Iran during the Safavid era : draft, register and rules for preparing diplomatic correspondences (a study of Iran's foreign relations with Europe, Ottomans, Mughals, and the Khanates of Central Asia) / Mansur Sefatgol ; with a preface by Kazuo Morimoto Safavī chōki Iran no ōshitsu kanbō shokan kirokubo : gaikō bunsho sōkō, ōrai, sakusei yōryō no kiroku (Yōroppa, Osuman-chō, Mugaru-chō, Chūō Ajia shohankoku to no taigai kankei ni kansuru kenkyū) / Mansūru Sefatogoru cho ; Morimoto Kazuo jo サファヴィー朝期イランの王室官房書簡記錄簿 : 外交文書草稿・往来・作成要領の記錄 (ヨーロッパ、オスマン朝、ムガル朝、中央アジア諸ハン国との対外関係に関する研究) / マンスール・セファトゴル著 ; 森本一夫序",,"Ṣifat-Gul, Manṣūr *1961-* [VerfasserIn] ; صفت‌گل, منصور *1961-* [VerfasserIn] Morimoto, Kazuo *1970-* [VerfasserIn eines Vorworts] ; 森本, 一夫 *1970-* [VerfasserIn eines Vorworts]","Ṣifat-Gul, Manṣūr",,VerfasserIn,,"Persian (Language of abstract: English, Japanese)","東京 : 東京大学東洋文化研究所附属東洋学研究情報センター, 2023","19, 337, [22]  Seiten : 挿図 ; 26 cm",,"Tōyōgaku Kenkyū Jōhō Sentā sōkan. - Tōkyō : [Verlag nicht ermittelbar], 2002- ; ZDB-ID: 2585740-X ; 35 東洋学研究情報センター叢刊. - 東京 : [Verlag nicht ermittelbar], 2002- ; ZDB-ID: 2585740-X ; 35","Includes bibliographical references (pages 312-315) and indexes Text in Persian, preface in English and Japanese",978-4-903235-60-8 paperback 4-903235-60-2 paperback,18.69 Iranische Sprachen und Literaturen | KJB 648 Historische Literatur {Altpersisch},,2024 B 25137,*Safawiden<Dynastie : 1501-1722> / Schriftverkehr / Auslandsbeziehungen / Persisch / Altpersisch / Persien *イラン / 歴史 / 史料,NDC10: 227.2,,,,,,,,,,,,,,,
Šāhnāma-i Firdausī : taṣḥīḥ-i intiqādī wa šarḥ-i yakāyak-i abyāt / Mihrī Bihfar شاهنامه فردوسی : تصحیح انتقادی و شرح یکایک ابیات / مهری بهفر,Daftar-i 3 دفتر 3,"Firdausī *940-1020* [VerfasserIn] ; فردوسى *940-1020* [VerfasserIn] Bihfar, Mihrī *1973-* [HerausgeberIn] ; بهفر, مهری *1973-* [HerausgeberIn]",Ferdowsi,Q43459,VerfasserIn,Čāp-i 5 - چاپ 5,Persian,"Tihrān : Farhang-i Našr-i Nau ; تهران : فرهنگ نشر نو, 1401 h.š. [2022]","15, 478 Seiten ; 25 cm",Quelle,,"Ersch.-Jahr 1401 h.š. = 2022 In arabischer Schrift, persisch",978-600-7439-00-5,18.69 Iranische Sprachen und Literaturen 17.97 Texte eines einzelnen Autors | KJQ 656 Epen {Persisch},ALS1,KJQ 656 Fir:z = 2024 A 4987:3,,,,,,,,,,,,,,,,,
Šāhnāma-i Firdausī : taṣḥīḥ-i intiqādī wa šarḥ-i yakāyak-i abyāt / Mihrī Bihfar شاهنامه فردوسی : تصحیح انتقادی و شرح یکایک ابیات / مهری بهفر,Daftar-i 1 دفتر 1,"Firdausī *940-1020* [VerfasserIn] ; فردوسى *940-1020* [VerfasserIn] Bihfar, Mihrī *1973-* [HerausgeberIn] ; بهفر, مهری *1973-* [HerausgeberIn]",Ferdowsi,Q43459,VerfasserIn,Čāp-i 6 - چاپ 6,Persian,"Tihrān : Farhang-i Našr-i Nau ; تهران : فرهنگ نشر نو, 1401 h.š. [2022]","53, 858 Seiten ; 25 cm",Quelle,,"Ersch.-Jahr 1401 h.š. = 2022 In arabischer Schrift, persisch",978-964-7443-59-3,18.69 Iranische Sprachen und Literaturen 17.97 Texte eines einzelnen Autors | KJQ 656 Epen {Persisch},ALS1,KJQ 656 Fir:z = 2024 A 4987:1,,,,,,,,,,,,,,,,,
Šāhnāma-i Firdausī : taṣḥīḥ-i intiqādī wa šarḥ-i yakāyak-i abyāt / Mihrī Bihfar شاهنامه فردوسی : تصحیح انتقادی و شرح یکایک ابیات / مهری بهفر,Daftar-i 6 دفتر 6,"Firdausī *940-1020* [VerfasserIn] ; فردوسى *940-1020* [VerfasserIn] Bihfar, Mihrī *1973-* [VerfasserIn] ; بهفر, مهری *1973-* [VerfasserIn]",Ferdowsi,Q43459,VerfasserIn,Čāp-i 2 - چاپ 2,Persian,"Tihrān : Farhang-i Našr-i Nau ; تهران : فرهنگ نشر نو, 1401 h.š. [2022]","26, 832 Seiten ; 25 cm",,"Kitābḫāna-i Adabīyāt-i Šāhnāma. - Tihrān : Farhang-i Našr-i Nau, 1394 [2015 oder 2016]- ; ZDB-ID: 3237264-4 ; 6","Ersch.-Jahr 1401 h.š. = 2022 In arabischer Schrift, persisch",,18.69 Iranische Sprachen und Literaturen 17.97 Texte eines einzelnen Autors | KJQ 656 Epen {Persisch},ALS1,KJQ 656 Fir:z = 2024 A 4987:6,,,,,,,,,,,,,,,,,
Dars-i 28 Murdād : az liḥāẓ-i nahz̤at-i millī-i Īrān va az liḥāẓ-i rahbarān-i khāʾin-i Ḥizb-i Tūdah / Khalīl Malakī درس ٢٨ مرداد : از لحاظ نهضت ملى ايران و از لحاظ رهبران خائن حزب توده / خليل ملکى,,"Malakī, Ḫalīl *1901-1969* [VerfasserIn] ; 1901-1969* [VerfasserIn]","Malakī, Ḫalīl",,VerfasserIn,Chāp-i 1 - چاپ اول,Persian,"Tihrān : Šīrāz-i Kitāb Mā ; تهران : شیرازه کتاب ما, 1401 [2022]",383 pages : facsimiles ; 22 cm,,Majmūʿah-ʾi tārīkh-i muʿāṣir-i Īrān ; 62 مجموعۀ تاريخ معاصر ايران ؛ ; 62,Includes bibliographical references and index In Persian,978-600-300-110-7 600-300-110-0,KJQ 549 Politische Literatur {Neupersisch} PUH 272 Politik {Iran 1925-1979},ALS1,KJQ 549:m = 2024 A 4986,"*Mosaddeq, Mohammad -- 1880-1967 ; Ḥizb-i Tūdah-ʾi Īrān ; Jamʿīyat-i Nahz̤at-i Millī-i Īrān ; Iran -- History -- Coup d'état, 1953 *Mosaddeq, Mohammad - 1880-1967 ; Ḥizb-i Tūdah-ʾi Īrān ; 1953 ; Iran - Histoire - 1953 (Coup d'État) ; Iran ; History",Library of Congress Classification: DS318.6,,,"Iran - History - Coup d'état, 1953 ; Ḥizb-i Tūdah-ʾi Īrān ; Jamʿīyat-i Nahz̤at-i Millī-i Īrān",,,,,,,,,,,,
"Tārīḫ-i Balʿamī : Muḥammad Ibn-Ǧarīr Tabarī / tarǧuma-ī Abū-Ali Balʿamī, bi taṣḥīḥ-i Malik aš-Šuʿarāʾ Bahār wa Muḥammad Parwīn Gunābādī تاریخ بلعمی : محمدبن جریر طبری̄ / ترجمه ابوعلی بلعمی, به تصحیح ملک‌الشعرای بهار و محمد پروین گنابادی",,"Balʿamī, Muḥammad Ibn-Muḥammad *946-973* [VerfasserIn] ; 946-973* [VerfasserIn] Bahār, Muḥammad Taqī *1886-1951* [MitwirkendeR] ; بهار, محمد تقی *1886-1951* [MitwirkendeR] ; Gunābādī, Muḥammad Parwīn *1903-1978* [MitwirkendeR] ; 1903-1978* [MitwirkendeR] Ṭabarī, Muḥammad Ibn-Ǧarīr aṭ- *839-923* [VerfasserIn des Bezugswerks] ; طبری, محمد بن جریر *839-923* [VerfasserIn des Bezugswerks]",Abu Ali Bal'ami,Q2663540,VerfasserIn,Čāp-i 5 - چاپ 5,Persian,"Tihrān : Hermes ; تهران : هرمس, 1401 h.š. = 2022","16, 1056 Seiten",Quelle,,"Ersch.-Jahr 1401 h.š. = 2022 In arabischer Schrift, persisch",978-964-363-222-9,18.69 Iranische Sprachen und Literaturen 15.76 Vorderer und mittlerer Orient Geschichte 15.20 Allgemeine Weltgeschichte 15.01 Historiographie | KJQ 670 Weltgeschichte {Persisch} KJQ 515 Literarische Übersetzungen {Neupersisch},ALS1,KDB 670 AABl:z = 2024 A 4982,"*Ṭabarī, Muḥammad Ibn-Ǧarīr aṭ- *839-923* / Übersetzung / Persisch *Geschichtsschreibung ; Persisch",,,,,,,,,,,,,,,,
Fihrist-i nusḫahā-i ḫaṭṭī-i Kitābḫāna-i buzurg-i Haḍrat-i Āyatallāh al-ʿUẓmā-i Marʿašī Naǧafī : ganǧīna-i ǧahānī-i maḫṭūṭāt-i islāmī : Īrān - Qum / saiyid Maḥmūd Marʿašī Naǧafī ; bā hamkārī-i Mīr Maḥmūd Mūsawī فهرست نسخه‌هاى خطى کتابخانه بزرگ حضرت آیت الله العظمى مرعشى نجفى : گنجينۀ جهانى مخطوطات اسلامى : ایران - قم / سید محمود مرعشی نجفی ; با همکاری میر محمود موسوی,Ǧild 63: 24901-25300 / saiyid Maḥmūd Marʿašī Naǧafī ; bā hamkārī-i Mīr Maḥmūd Mūsawī جلد ۶۳: ۲۴۹۰۱-۲۵۳۰۰ / سید محمود مرعشی نجفی ; با همکاری میر محمود موسوی,"Marʿašī, Maḥmūd *1941-* [VerfasserIn] ; 1941-* [VerfasserIn] Mūsawī, Mīr Maḥmūd *1965-* [MitwirkendeR] ; 1965-* [MitwirkendeR]","Marʿašī, Maḥmūd",,VerfasserIn,Čāp-i awwal - چاپ اول,"Persian, Arabic","Qum : Kitābḫāna-i Buzurg-i Ḥaḍrat-i Āyatallāh al-ʿUẓmā Marʿašī Naǧafī wa ganǧīna-i ǧahānī-i maḫṭūṭāt-i islāmī ; قم : کتابخانه بزرگ حضرت آیت الله العظمی مرعشی نجفی و گنجینه جهانی مخطوطات اسلامی, 1401 h.š. = 1444 h.q. = 2022",728 Seiten : Faksimiles,Katalog,,"In arabischer Schrift, persisch und arabisch",978-600-161-158-2,KJQ 200 Allgemeines {Neupersisch} APH 700 Orientalische Handschriften {Kataloge} APC 600 Asien {Handschriftenkataloge},HG-LS,APA 800 IRN QOM = FA 12716:63,,,,,,Kitābẖāna-i ʿUmūmī-i Ḥaḍrat-i Āyatallāh al-ʿUẓmā Naǧafī Marʿašī  <Kum> [Herausgebendes Organ] Kitābẖāna-i ʿUmūmī-i Ḥaḍrat-i Āyatallāh al-ʿUẓmā Naǧafī Marʿašī  <Kum> [Herausgebendes Organ],Katalog der Handschriften der Wissenschaftlichen Allgemeinbibliothek in Qum/Iran,,,,,,,,,,
Fihrist-i nusḫahā-i ḫaṭṭī-i Kitābḫāna-i buzurg-i Haḍrat-i Āyatallāh al-ʿUẓmā-i Marʿašī Naǧafī : ganǧīna-i ǧahānī-i maḫṭūṭāt-i islāmī : Īrān - Qum / saiyid Maḥmūd Marʿašī Naǧafī ; bā hamkārī-i Muḥammad ʿAlī Ṣāliḥī فهرست نسخه‌هاى خطى کتابخانه بزرگ حضرت آيت الله العظمى مرعشى نجفى : گنجينۀ جهانى مخطوطات اسلامى : ایران - قم / سید محمود مرعشی نجفی ; با همکاری محّمد علی صالحی,Ǧild 62: 24500-24900 / saiyid Maḥmūd Marʿašī Naǧafī ; bā hamkārī-i Muḥammad ʿAlī Ṣāliḥī جلد ۶۲: ۲۴۵۰۰-۲۴۹۰۰ / سید محمود مرعشی نجفی ; با همکاری محّمد علی صالحی,"Marʿašī, Maḥmūd *1941-* [VerfasserIn] ; 1941-* [VerfasserIn] Ṣāliḥī, Muḥammad ʿAlī *1971-* [MitwirkendeR] ; صالحى, محمد على *1971-* [MitwirkendeR]","Marʿašī, Maḥmūd",,VerfasserIn,Čāp-i awwal - چاپ اول,"Persian, Arabic","Qum : Kitābḫāna-i Buzurg-i Ḥaḍrat-i Āyatallāh al-ʿUẓmā Marʿašī Naǧafī wa ganǧīna-i ǧahānī maḫṭūṭāt-i islāmī ; قم : کتابخانه بزرگ حضرت آیت الله العظمی مرعشی نجفی و گنجینه جهانی مخطوطات اسلامی, 1401 h.š. = 1444 h.q. = 2022",701 Seiten : Faksimiles,Katalog,,"In arabischer Schrift, persisch und arabisch",978-600-161-157-5,KJQ 200 Allgemeines {Neupersisch} APH 700 Orientalische Handschriften {Kataloge} APC 600 Asien {Handschriftenkataloge},HG-LS,APA 800 IRN QOM = FA 12716:62,,,,,,Kitābẖāna-i ʿUmūmī-i Ḥaḍrat-i Āyatallāh al-ʿUẓmā Naǧafī Marʿašī  <Kum> [Herausgebendes Organ] Kitābẖāna-i ʿUmūmī-i Ḥaḍrat-i Āyatallāh al-ʿUẓmā Naǧafī Marʿašī  <Kum> [Herausgebendes Organ],Katalog der Handschriften der Wissenschaftlichen Allgemeinbibliothek in Qum/Iran,,,,,,,,,,
Fihrist-i nusḫahā-i ḫaṭṭī-i Kitābḫāna-i buzurg-i Haḍrat-i Āyatallāh al-ʿUẓmā-i Marʿašī Naǧafī : ganǧīna-i ǧahānī-i maḫṭūṭāt-i islāmī : Īrān - Qum / saiyid Maḥmūd Marʿašī Naǧafī ; bā hamkārī-i Muḥammad Ḥusain Amīnī فهرست نسخه‌هاى خطى کتابخانه بزرگ حضرت آیت الله العظمى مرعشى نجفى : گنجينۀ جهانى مخطوطات اسلامى : ایران - قم / سید محمود مرعشی نجفی; باهمکاری محّمد حسین امینی,Ǧild 61: 24101-24500 / saiyid Maḥmūd Marʿašī Naǧafī ; bā hamkārī-i Muḥammad Ḥusain Amīnī جلد ۶۱: ۲۴۱۰۱ - ۲۴۵۰۰ / سید محمود مرعشی نجفی ; با همکاری محّمد حسین امینی,"Marʿašī, Maḥmūd *1941-* [VerfasserIn] ; 1941-* [VerfasserIn] Amīnī, Muḥammad Ḥusain *1967-* [MitwirkendeR] ; امینی, محمد حسین *1967-* [MitwirkendeR]","Marʿašī, Maḥmūd",,VerfasserIn,Čāp-i awwal - چاپ اول,"Persian, Arabic","Qum : Kitābḫāna-i Buzurg-i Ḥaḍrat-i Āyatallāh al-ʿUẓmā Marʿašī Naǧafī wa ganǧīna-i ǧahānī-i maḫṭūṭāt-i islāmī ; قم : کتابخانه بزرگ حضرت آیت الله العظمی مرعشی نجفی و گنجینه جهانی مخطوطات اسلامی, 1401 h.š. = 1444 h.q. = 2022",946 Seiten : Faksimiles,Katalog,,"In arabischer Schrift, persisch und arabisch",978-600-161-156-8,KJQ 200 Allgemeines {Neupersisch} APH 700 Orientalische Handschriften {Kataloge} APC 600 Asien {Handschriftenkataloge},HG-LS,APA 800 IRN QOM = FA 12716:61,,,,,,Kitābẖāna-i ʿUmūmī-i Ḥaḍrat-i Āyatallāh al-ʿUẓmā Naǧafī Marʿašī  <Kum> [Herausgebendes Organ] Kitābẖāna-i ʿUmūmī-i Ḥaḍrat-i Āyatallāh al-ʿUẓmā Naǧafī Marʿašī  <Kum> [Herausgebendes Organ],Katalog der Handschriften der Wissenschaftlichen Allgemeinbibliothek in Qum/Iran,,,,,,,,,,
Fihrist-i nusḫahā-i ḫaṭṭī-i Kitābḫāna-i buzurg-i Haḍrat-i Āyatallāh al-ʿUẓmā-i Marʿašī Naǧafī : ganǧīna-i ǧahānī-i maḫṭūṭāt-i islāmī : Īrān - Qum / saiyid Maḥmūd Marʿašī Naǧafī ; bā hamkārī-i Muḥammad ʿAlī Ṣāliḥī فهرست نسخه‌هاى خطى کتابخانه بزرگ حضرت آیت الله العظمى مرعشى نجفى : گنجينۀ جهانى مخطوطات اسلامى : ایران - قم / سید محمود مرعشی نجفی ; با همکاری محّمد علی صالحی,Ǧild 60: 23701-24100 / saiyid Maḥmūd Marʿašī Naǧafī ; bā hamkārī-i Muḥammad ʿAlī Ṣāliḥī جلد ۶۰: ۲۳۷۰۱ - ۲۴۱۰۰ / سید محمود مرعشی نجفی ; با همکاری محّمد علی صالحی,"Marʿašī, Maḥmūd *1941-* [VerfasserIn] ; 1941-* [VerfasserIn] Ṣāliḥī, Muḥammad ʿAlī *1971-* [MitwirkendeR] ; صالحى, محمد على *1971-* [MitwirkendeR]","Marʿašī, Maḥmūd",,VerfasserIn,Čāp-i awwal - چاپ اول,"Persian, Arabic","Qum : Kitābḫāna-i Buzurg-i Ḥaḍrat-i Āyatallāh al-ʿUẓmā Marʿašī Naǧafī wa ganǧīna-i ǧahānī-i maḫṭūṭāt-i islāmī ; قم : کتابخانه بزرگ حضرت آیت الله العظمی مرعشی نجفی و گنجینه جهانی مخطوطات اسلامی, 1401 h.š. = 1444 h.q. = 2022",792 Seiten : Faksimiles,Katalog,,"In arabischer Schrift, persisch und arabisch",978-600-161-155-1,KJQ 200 Allgemeines {Neupersisch} APH 700 Orientalische Handschriften {Kataloge} APC 600 Asien {Handschriftenkataloge},HG-LS,APA 800 IRN QOM = FA 12716:60,,,,,,Kitābẖāna-i ʿUmūmī-i Ḥaḍrat-i Āyatallāh al-ʿUẓmā Naǧafī Marʿašī  <Kum> [Herausgebendes Organ] Kitābẖāna-i ʿUmūmī-i Ḥaḍrat-i Āyatallāh al-ʿUẓmā Naǧafī Marʿašī  <Kum> [Herausgebendes Organ],Katalog der Handschriften der Wissenschaftlichen Allgemeinbibliothek in Qum/Iran,,,,,,,,,,
Fihrist-i nusḫahā-i ḫaṭṭī-i Kitābḫāna-i buzurg-i Haḍrat-i Āyatallāh al-ʿUẓmā-i Marʿašī Naǧafī : ganǧīna-i ǧahānī-i maḫṭūṭāt-i islāmī : Īrān - Qum / saiyid Maḥmūd Marʿašī Naǧafī ; bā hamkārī-i Muḥammad Ḥusain Amīnī فهرست نسخه‌هاى خطى کتابخانه بزرگ حضرت آیت الله العظمى مرعشى نجفى : گنجينۀ جهانى مخطوطات اسلامى : ایران - قم / سید محمود مرعشی نجفی ; با همکاری محّمد حسین امینی,Ǧild 59: 23301-23700 / saiyid Maḥmūd Marʿašī Naǧafī ; bā hamkārī-i Muḥammad Ḥusain Amīnī جلد ۵۹: ۲۳۳۰۱ - ۲۳۷۰۰ / سید محمود مرعشی نجفی ; با همکاری محّمد حسین امینی,"Marʿašī, Maḥmūd *1941-* [VerfasserIn] ; 1941-* [VerfasserIn] Amīnī, Muḥammad Ḥusain *1967-* [MitwirkendeR] ; امینی, محمد حسین *1967-* [MitwirkendeR]","Marʿašī, Maḥmūd",,VerfasserIn,Čāp-i awwal - چاپ اول,"Persian, Arabic","Qum : Kitābḫāna-i Buzurg-i Ḥaḍrat-i Āyatallāh al-ʿUẓmā Marʿašī Naǧafī wa ganǧīna-i ǧahānī-i maḫṭūṭāt-i islāmī ; قم : کتابخانه بزرگ حضرت آیت الله العظمی مرعشی نجفی و گنجینه جهانی مخطوطات اسلامی, 1401 h.š. = 1443 h.q. = 2022",859 Seiten : Faksimiles,Katalog,,"In arabischer Schrift; Text persisch, arabisch",978-600-161-152-0,KJQ 200 Allgemeines {Neupersisch} APH 700 Orientalische Handschriften {Kataloge} APC 600 Asien {Handschriftenkataloge},HG-LS,APA 800 IRN QOM = FA 12716:59,,,,,,Kitābẖāna-i ʿUmūmī-i Ḥaḍrat-i Āyatallāh al-ʿUẓmā Naǧafī Marʿašī  <Kum> [Herausgebendes Organ] Kitābẖāna-i ʿUmūmī-i Ḥaḍrat-i Āyatallāh al-ʿUẓmā Naǧafī Marʿašī  <Kum> [Herausgebendes Organ],Katalog der Handschriften der Wissenschaftlichen Allgemeinbibliothek in Qum/Iran,,,,,,,,,,
Fihrist-i nusḫahā-i ḫaṭṭī-i Kitābḫāna-i buzurg-i Haḍrat-i Āyatallāh al-ʿUẓmā Marʿašī Naǧafī : ganǧīna-i ǧahānī-i maḫṭūṭāt-i islāmī : Īrān - Qum / saiyid Maḥmūd Marʿašī Naǧafī ; bā hamkārī-i Mīr Maḥmūd Mūsawī فهرست نسخه‌هاى خطى کتابخانه بزرگ حضرت آيت الله العظمى مرعشى نجفى : گنجينۀ جهانى مخطوطات اسلامى : ایران - قم / سید محمود مرعشی نجفی ; با همکاری میر محمود موسوی,Ǧild 58: 22901-23300 / saiyid Maḥmūd Marʿašī Naǧafī ; bā hamkārī-i Mīr Maḥmūd Mūsawī جلد ۵۸: ۲۲۹۰۱ - ۲۳۳۰۰ / سید محمود مرعشی نجفی ; با همکاری میرمحمود موسوی,"Marʿašī, Maḥmūd *1941-* [VerfasserIn] ; 1941-* [VerfasserIn] Mūsawī, Mīr Maḥmūd *1965-* [MitwirkendeR] ; 1965-* [MitwirkendeR]","Marʿašī, Maḥmūd",,VerfasserIn,Čāp-i awwal - چاپ اول,"Persian, Arabic","Qum : Kitābḫāna-i Buzurg-i Ḥaḍrat-i Āyatallāh al-ʿUẓmā Marʿašī Naǧafī wa ganǧīna-i ǧahānī-i maḫṭūṭāt-i islāmī ; قم : کتابخانه بزرگ حضرت آیت الله العظمی مرعشی نجفی و گنجینه جهانی مخطوطات اسلامی, 1401 h.š. = 1444 h.q. = 2022",874 Seiten : Faksimiles,Katalog,,"In arabischer Schrift, persisch und arabisch",978-600-161-164-3,KJQ 200 Allgemeines {Neupersisch} APH 700 Orientalische Handschriften {Kataloge} APC 600 Asien {Handschriftenkataloge},HG-LS,APA 800 IRN QOM = FA 12716:58,,,,,,Kitābẖāna-i ʿUmūmī-i Ḥaḍrat-i Āyatallāh al-ʿUẓmā Naǧafī Marʿašī  <Kum> [Herausgebendes Organ] Kitābẖāna-i ʿUmūmī-i Ḥaḍrat-i Āyatallāh al-ʿUẓmā Naǧafī Marʿašī  <Kum> [Herausgebendes Organ],Katalog der Handschriften der Wissenschaftlichen Allgemeinbibliothek in Qum/Iran,,,,,,,,,,
Fihrist-i nusḫahā-i ḫaṭṭī-i Kitābḫāna-i buzurg-i Haḍrat-i Āyatallāh al-ʿUẓmā Marʿašī Naǧafī : ganǧīna-i ǧahānī-i maḫṭūṭāt-i islāmī : Īrān - Qum / saiyid Maḥmūd Marʿašī Naǧafī ; bā hamkārī-i Muḥammad Ḥusain Amīnī فهرست نسخه‌هاى خطى کتابخانه بزرگ حضرت آيت الله العظمى مرعشى نجفى : گنجينۀ جهانى مخطوطات اسلامى : ایران - قم / سید محمود مرعشی نجفی ; با همکاری محّمد حسین امینی,Ǧild 57: 22501-22900  / saiyid Maḥmūd Marʿašī Naǧafī ; bā hamkārī-i Muḥammad Ḥusain Amīnī جلد ۵۷: ۲۲۵۰۱-۲۲۹۰۰ / سید محمود مرعشی نجفی ; با همکاری محّمد حسین امینی,"Marʿašī, Maḥmūd *1941-* [VerfasserIn] ; 1941-* [VerfasserIn] Amīnī, Muḥammad Ḥusain *1967-* [MitwirkendeR] ; امینی, محمد حسین *1967-* [MitwirkendeR]","Marʿašī, Maḥmūd",,VerfasserIn,Čāp-i awwal - چاپ اول,"Persian, Arabic","Qum : Kitābḫāna-i Buzurg-i Ḥaḍrat-i Āyatallāh al-ʿUẓmā Marʿašī Naǧafī wa ganǧīna-i ǧahānī-i maḫṭūṭāt-i islāmī ; قم : کتابخانه بزرگ حضرت آیت الله العظمی مرعشی نجفی و گنجینه جهانی مخطوطات اسلامی, 1401 h.š. = 1443 h.q. = 2022",764 Seiten : Faksimiles,Katalog,,"In arabischer Schrift, persisch und arabisch",978-600-161-163-6,KJQ 200 Allgemeines {Neupersisch} APH 700 Orientalische Handschriften {Kataloge} APC 600 Asien {Handschriftenkataloge},HG-LS,APA 800 IRN QOM = FA 12716:57,,,,,,Kitābẖāna-i ʿUmūmī-i Ḥaḍrat-i Āyatallāh al-ʿUẓmā Naǧafī Marʿašī  <Kum> [Herausgebendes Organ] Kitābẖāna-i ʿUmūmī-i Ḥaḍrat-i Āyatallāh al-ʿUẓmā Naǧafī Marʿašī  <Kum> [Herausgebendes Organ],Katalog der Handschriften der Wissenschaftlichen Allgemeinbibliothek in Qum/Iran,,,,,,,,,,
Fihrist-i nusḫahā-i ḫaṭṭī-i Kitābḫāna-i buzurg-i Haḍrat-i Āyatallāh al-ʿUẓmā Marʿašī Naǧafī : ganǧīna-i ǧahānī-i maḫṭūṭāt-i islāmī : Īrān - Qum / saiyid Maḥmūd Marʿašī Naǧafī ; bā hamkārī-i Muḥammad Ḥusain Ūsaṭī فهرست نسخه‌هاى خطى کتابخانه بزرگ حضرت ايت الله العظمى مرعشى نجفى : گنجينۀ جهانى مخطوطات اسلامى : ایران - قم / سید محمود مرعشی نجفی ; با همکاری محّمد حسین اوسطی,Ǧild 51: 20101-20500 / saiyid Maḥmūd Marʿašī Naǧafī ; bā hamkārī-i Muḥammad Ḥusain Ūsaṭī جلد ۵۱: ۲۰۱۰۱-۲۰۵۰۰ / سید محمود مرعشی نجفی ; با همکاری محّمد حسین اوسطی,"Marʿašī, Maḥmūd *1941-* [VerfasserIn] ; 1941-* [VerfasserIn] Ūsaṭī, Muḥammad Ḥusain [MitwirkendeR] ; اوسطی, محمد حسین [MitwirkendeR]","Marʿašī, Maḥmūd",,VerfasserIn,Čāp-i awwal - چاپ اول,"Persian, Arabic","Qum : Kitābḫāna-i Buzurg-i Ḥaḍrat-i Āyatallāh al-ʿUẓmā Marʿašī Naǧafī wa ganǧīna-i ǧahānī-i maḫṭūṭāt-i islāmī ; قم : کتابخانه بزرگ حضرت آیت الله العظمی مرعشی نجفی و گنجینه جهانی مخطوطات اسلامی, 1401 h.š. = 1443 h.q. = 2022",803 Seiten : Faksimiles,Katalog,,"In arabischer Schrift, persisch und arabisch",978-600-161-169-8,KJQ 200 Allgemeines {Neupersisch} APH 700 Orientalische Handschriften {Kataloge} APC 600 Asien {Handschriftenkataloge},HG-LS,APA 800 IRN QOM = FA 12716:51,,,,,,Kitābẖāna-i ʿUmūmī-i Ḥaḍrat-i Āyatallāh al-ʿUẓmā Naǧafī Marʿašī  <Kum> [Herausgebendes Organ] Kitābẖāna-i ʿUmūmī-i Ḥaḍrat-i Āyatallāh al-ʿUẓmā Naǧafī Marʿašī  <Kum> [Herausgebendes Organ],Katalog der Handschriften der Wissenschaftlichen Allgemeinbibliothek in Qum/Iran,,,,,,,,,,
Fihrist-i nusḫahā-i ḫaṭṭī-i Kitābḫāna-i buzurg-i Haḍrat-i Āyatallāh al-ʿUẓmā-i Marʿašī Naǧafī : ganǧīna-i ǧahānī-i maḫṭūṭāt-i islāmī : Īrān - Qum / saiyid Maḥmūd Marʿašī Naǧafī ; bā hamkārī-i Muḥammad ʿAlī Ṣāliḥī فهرست نسخه‌هاى خطى کتابخانه بزرگ حضرت ايت الله العظمى مرعشى نجفى : گنجينۀ جهانى مخطوطات اسلامى : ایران - قم / سید محمود مرعشی نجفی ; با همکاری محّمد علی صالحی,Ǧild 53: 20901-21300 / saiyid Maḥmūd Marʿašī Naǧafī ; bā hamkārī-i Muḥammad ʿAlī Ṣāliḥī جلد ۵۳: ۲۰۹۰۱-۲۱۳۰۰ / سید محمود مرعشی نجفی ; با همکاری محّمد علی صالحی,"Marʿašī, Maḥmūd *1941-* [VerfasserIn] ; 1941-* [VerfasserIn] Ṣāliḥī, Muḥammad ʿAlī *1971-* [MitwirkendeR] ; صالحى, محمد على *1971-* [MitwirkendeR]","Marʿašī, Maḥmūd",,VerfasserIn,Čāp-i awwal - چاپ اول,"Persian, Arabic","Qum : Kitābḫāna-i Buzurg-i Ḥaḍrat Āyatallāh al-ʿUẓmā Marʿašī Naǧafī wa ganǧīna-i ǧahānī-i maḫṭūṭāt-i islāmī ; قم : کتابخانه بزرگ حضرت آیت الله العظمی مرعشی نجفی و گنجینه جهانی مخطوطات اسلامی, 1401 h.š. = 1444 h.q. = 2022",694 Seiten : Faksimiles,Katalog,,"In arabischer Schrift, persisch und arabisch",978-600-161-130-8,KJQ 200 Allgemeines {Neupersisch} APH 700 Orientalische Handschriften {Kataloge} APC 600 Asien {Handschriftenkataloge},HG-LS,APA 800 IRN QOM = FA 12716:53,,,,,,Kitābẖāna-i ʿUmūmī-i Ḥaḍrat-i Āyatallāh al-ʿUẓmā Naǧafī Marʿašī  <Kum> [Herausgebendes Organ] Kitābẖāna-i ʿUmūmī-i Ḥaḍrat-i Āyatallāh al-ʿUẓmā Naǧafī Marʿašī  <Kum> [Herausgebendes Organ],Katalog der Handschriften der Wissenschaftlichen Allgemeinbibliothek in Qum/Iran,,,,,,,,,,
Fihrist-i nusḫahā-i ḫaṭṭī-i Kitābḫāna-i buzurg-i Haḍrat-i Āyatallāh al-ʿUẓmā-i Marʿašī Naǧafī : ganǧīna-i ǧahānī-i maḫṭūṭāt-i islāmī : Īrān - Qum / saiyid Maḥmūd Marʿašī Naǧafī ; bā hamkārī-i Muḥammad Ḥusain Amīnī فهرست نسخه‌هاى خطى کتابخانه بزرگ حضرت آیت الله العظمى مرعشى نجفى : گنجينۀ جهانى مخطوطات اسلامى : ایران - قم / سید محمود مرعشی نجفی ; با همکاری محّمد حسین امینی,Ǧild 55: 21701-22100 / saiyid Maḥmūd Marʿašī Naǧafī ; bā hamkārī-i Muḥammad Ḥusain Amīnī جلد ۵۵: ۲۱۷۰۱ - ۲۲۱۰۰ / سید محمود مرعشی نجفی ; با همکاری محّمد حسین امینی,"Marʿašī, Maḥmūd *1941-* [VerfasserIn] ; 1941-* [VerfasserIn] Amīnī, Muḥammad Ḥusain *1967-* [MitwirkendeR] ; امینی, محمد حسین *1967-* [MitwirkendeR]","Marʿašī, Maḥmūd",,VerfasserIn,Čāp-i awwal - چاپ اول,"Persian, Arabic","Qum : Kitābḫāna-i Buzurg-i Ḥaḍrat-i Āyatallāh al-ʿUẓmā Marʿašī Naǧafī wa ganǧīna-i ǧahānī-i maḫṭūṭāt-i islāmī ; قم : کتابخانه بزرگ حضرت آیت الله العظمی مرعشی نجفی و گنجینه جهانی مخطوطات اسلامی, 1401 h.š. = 1443 h.q. = 2022",600 Seiten : Faksimiles,Katalog,,"In arabischer Schrift, persisch und arabisch",978-600-161-161-2,KJQ 200 Allgemeines {Neupersisch} APH 700 Orientalische Handschriften {Kataloge} APC 600 Asien {Handschriftenkataloge},HG-LS,APA 800 IRN QOM = FA 12716:55,,,,,,Kitābẖāna-i ʿUmūmī-i Ḥaḍrat-i Āyatallāh al-ʿUẓmā Naǧafī Marʿašī  <Kum> [Herausgebendes Organ] Kitābẖāna-i ʿUmūmī-i Ḥaḍrat-i Āyatallāh al-ʿUẓmā Naǧafī Marʿašī  <Kum> [Herausgebendes Organ],Katalog der Handschriften der Wissenschaftlichen Allgemeinbibliothek in Qum/Iran,,,,,,,,,,
Fihrist-i nusḫahā-i ḫaṭṭī-i Kitābḫāna-i buzurg-i Haḍrat-i Āyatallāh al-ʿUẓmā-i Marʿašī Naǧafī : ganǧīna-i ǧahānī-i maḫṭūṭāt-i Islāmī : Īrān - Qum / saiyid Maḥmūd Marʿašī Naǧafī ; bā hamkārī-i Muḥammad Ḥusain Ūsaṭī فهرست نسخه‌هاى خطى کتابخانه بزرگ حضرت آیت الله العظمى مرعشى نجفى : گنجينۀ جهانى مخطوطات اسلامى : ایران - قم / سید محمود مرعشی نجفی ; با همکاری محّمد حسین اوسطی,Ǧild 56: 22101-22500 / saiyid Maḥmūd Marʿašī Naǧafī ; bā hamkārī-i Muḥammad Ḥusain Ūsaṭī جلد ۵۶: ۲۲۱۰۱-۲۲۵۰۰ / سید محمود مرعشی نجفی ; با همکاری محّمد حسین اوسطی,"Marʿašī, Maḥmūd *1941-* [VerfasserIn] ; 1941-* [VerfasserIn] Ūsaṭī, Muḥammad Ḥusain [MitwirkendeR] ; اوسطی, محمد حسین [MitwirkendeR]","Marʿašī, Maḥmūd",,VerfasserIn,Čāp-i awwal - چاپ اول,"Persian, Arabic","Qum : Kitābḫāna-i Buzurg-i Ḥaḍrat-i Āyatallāh al-ʿUẓmā Marʿašī Naǧafī wa ganǧīna-i ǧahānī-i maḫṭūṭāt-i islāmī ; قم : کتابخانه بزرگ حضرت آیت الله العظمی مرعشی نجفی و گنجینه جهانی مخطوطات اسلامی, 1401 h.š. = 1444 h.q. = 2022",862 Seiten : Faksimiles,Katalog,,"In arabischer Schrift, persisch und arabisch",978-600-161-153-7,KJQ 200 Allgemeines {Neupersisch} APH 700 Orientalische Handschriften {Kataloge} APC 600 Asien {Handschriftenkataloge},HG-LS,APA 800 IRN QOM = FA 12716:56,,,,,,Kitābẖāna-i ʿUmūmī-i Ḥaḍrat-i Āyatallāh al-ʿUẓmā Naǧafī Marʿašī  <Kum> [Herausgebendes Organ] Kitābẖāna-i ʿUmūmī-i Ḥaḍrat-i Āyatallāh al-ʿUẓmā Naǧafī Marʿašī  <Kum> [Herausgebendes Organ],Katalog der Handschriften der Wissenschaftlichen Allgemeinbibliothek in Qum/Iran,,,,,,,,,,
"Warqa wa Gulšāh / surūda-i ʿAiyūqī ; nigārgar ʿAbd-al-Muʾmin Muḥammad Ḫūyī Naqqāš ; nusḫabargardān-i dastniwīs-i šumāra-i H. 841 Mūza-i Tūpqāpī Sarāy ; kitābat wa taṣwīrsāzī-i: sada-i haftum-i hiǧrī ; pazūhiš duktur Bihrūz Īmānī, saiyid Muḥammad Ḥusain Marʿašī ورقه و گلشاه / سرودۀ عیوقی ; نگارگر: عبدالمؤمن محمد خویی نقاش ; نسخه برگردان دستنویس شمارۀ H.841 موزۀ توپقاپی سرای ; کتابت و تصویرسازی: سدۀ هفتم هجری ; پژوهش دکتر بهروز ایمانی، سید محمد حسین مرعشی Varqah va Golshah",,"ʿAiyūqī *ca. 11. Jh* [VerfasserIn] ; عیوقی *ca. 11. Jh* [VerfasserIn] Īmānī, Bihrūz *1971-* [HerausgeberIn] ; ایمانی, بهروز *1971-* [HerausgeberIn] ; Marʿašī, Muḥammad Ḥusain [HerausgeberIn] ; مرعشی, محمد حسین [HerausgeberIn] ; Ḫūyī, ʿAbd-al-Muʾmin -al [BuchkünstlerIn] ; الخوييو, عبد المؤمن [BuchkünstlerIn]",ʿAiyūqī,,VerfasserIn,Čāp-i 1 - چاپ 1,Persian,"Tihrān : Intišārāt-i Duktur Maḥmūd Afšār ; تهران : انتشارات دکتر محمود افشار ; Tihrān : Intišārāt-i Suḫan ; تهران : انتشارات سخن, 1401 h.š. [2022]","112, 174 Seiten : Faksimiles ; 25 cm",Quelle,"Maǧmūʿa-i intišārāt-i adabī wa tārīḫī-i Mauqūfāt-i Duktur Maḥmūd Afšār Yazdī. - Tihrān : Bunyād-i Mauqūfāt-i Duktur Maḥmūd Afšār Yazdī, 1973- ; ZDB-ID: 2282916-7 ; 297 Ganǧīna-i zabān wa adabīyāt-i fārsī-i darī ; 106","Includes bibliographical references (pages [171]-174) and index In arabischer Schrift, persisch",978-622-7706-20-8 622-7706-20-5,18.69 Iranische Sprachen und Literaturen 17.97 Texte eines einzelnen Autors | KJQ 656 Epen {Persisch},ALS1,KJQ 656 Aiy:z = 2024 A 4970,*Persisch / Lyrik / Ghasnawiden / Handschrift / ʿAiyūqī *ca. 11. Jh*. Warqa wa Gulšāh *Persian poetry -- 747-1500 *747-1500 ; Persian poetry,Library of Congress Classification: PK6451.A84 Dewey Decimal Classification: 891.5511;,,,,Dr. Mahmud Afshar Foundation [Herausgebendes Organ] Dr. Mahmud Afshar Foundation [Herausgebendes Organ],,Catalog,,,,,,,,,
"Khāṭirāt-i Duktur Salām Allāh Jāvīd / nivīsandah, Salām Allāh Jāvīd ; tarjumah, tadvīn va tawz̤īḥ-i, Raḥīm Raʼīsʹniyā ‏خاطرات دکتر سلام الله جاويد /‏ / ‏نويسنده، سلام الله جاويد ؛ ترجمه، تدوين و توضيح، رحيم رئيس‌نيا",,"Jāvīd, Salām Allāh [VerfasserIn] ; ‏جاويد, سلام الله [GeistigeR SchöpferIn] Raʼīsʹniyā, Raḥīm [ÜbersetzerIn] [ZusammenstellendeR] ; ‏رئيس‌نيا, رحيم [SonstigeR]",Salamullah Javid,Q579059,VerfasserIn,Chāp-i avval - ‏چاپ اول,Persian (Language of original: Azerbaijani),"Tihrān : Intishārāt-i Shīrāzah-i Kitāb-i Mā ; ‏تهران :‏ : ‏انتشارات شيرازه کتاب ما،‏, 1401 [2022]","2 volumes (1145 pages) : illustrations, map, facsimiles ; 22 cm",,Majmūʻah-ʼi tārīkh-i muʻāṣir-i Īrān ; 94 ‏مجموعۀ تاريخ معاصر ايران ؛‏ ; ‏94,"Includes bibliographical references (volume 2, pages 1001-1010) and indexes In Persian; some text translated from Azerbaijani",978-622-7489-81-1 set 978-622-7489-80-4 v. 1 978-622-7489-82-8 v. 2,,,,"*Jāvīd, Salām Allāh -- Diaries -- DLC ; Ḥizb-i ʻAdālat (Iran) -- DLC ; Ḥizb-i Dīmūkrātī-i Āz̲arbāyjan (Iran) -- DLC ; Governors -- Iran -- Azerbaijan -- Diaries -- DLC ; Political parties -- Iran -- History -- DLC ; Azerbaijan (Iran) -- Politics and government -- DLC ; Azerbaijan (Iran) -- History -- DLC",Library of Congress Classification: DS316.9.J38,"Khāṭirāt-i Duktur Salām Allāh Jāvīd / nivīsandah, Salām Allāh Jāvīd ; tarjumah, tadvīn va tawz̤īḥ-i, Raḥīm Raʼīsʹniyā ‏خاطرات دکتر سلام الله جاويد /‏ / ‏نويسنده، سلام الله جاويد ؛ ترجمه، تدوين و توضيح، رحيم رئيس‌نيا",,"Memiors of Salām Allāh Jāvīd was an Iranian Azerbaijani politician and physician, was Governor of Azerbaijan and Interior Minister of Azerbaijan's Government",,,,"jild-i avval. Az Firqah-ʼi ʻAdālat tā Firqah-ʼi Dimūkrāt-i Āz̲arbāyjān -- jild-i duvvum. Bāzmāndah-ʼi rūzgār, Mulāḥaẓātī Pīrāmūn.",,,,,,,,
Bar Šāwuš / Raḥmān Karīmī بر شاوش / رحمان کریمی,,"Karīmī, Raḥmān *1937-2022* [VerfasserIn] ; کریمی, رحمان *1937-2022* [VerfasserIn]",Rahman Karimi,Q116533774,VerfasserIn,Čāp-i duwwum - چاپ دوم,Persian,"Düren : Shaker Media, 1401h.š [2022/2023]","176 Seiten ; 22 cm x 15.5 cm, 162 g",,,"In arabischer Schrift, persisch, Einleitung: Englisch",978-3-95631-921-1,KJQ 658 Dichtung der Moderne {Persisch},ALS1,KJQ 658 KarR:z = 2022 A 7036:2,,"Regensburger Verbund-Klassifikation: EV 7699: E Allgemeine und vergleichende Sprach- und Literaturwissenschaft. Indogermanistik. Außereuropäische Sprachen und Literaturen / EV Indoiranische Sprachen und  Literaturen (unter Einschluss nichtindogermanischer Sprachen) / EV 500-EV 9999 Iranische Sprachen und Literaturen, Iranistik / EV 3200-EV 9999 Iranische Literatur / EV 4000-EV 8999 Neuiranische Literatur / EV 4300-EV 8999 Neupersische Literatur / EV 6000-EV 8999 Moderne neupersische Literatur (ab Mitte des 19. Jahrhunderts) / EV 6400-EV 7699 Einzelne Autoren und Anonyma (bis Geburtsjahr 1975) / Sonstige Autoren",Maǧmūʿa-i ašʿār / Raḥmān Karīmī ; Ǧild 2 مجموعه اشعار / رحمان کریمی ; جلد 2,,,Shaker Media GmbH [Verlag],,,,,,,,,,,
"Hašt bihišt : tarǧama-i Maǧālis an-nafāʾis Amīr ʿAlī Šīr Nawāʾī / Muḥammad Ibn-Mubārak Qazwīnī ; taṣḥīḥ-i wa taḥqīq-i duktur Hādī Bīdakī هشت بهشت : ترجمۀ مجالس النفائس امیر علی شیرنوائی / محمد بن مبارک قزوینی, تصحیح و تحقیق دکتر هادی بیدکی",,"ʿAlī Šīr Nawāʾī *1441-1501* [VerfasserIn] ; علیشیر نوائی *1441-1501* [VerfasserIn] Ḥakīm-i Šāh, Muḥammad Ibn-Mubārak Qazwīnī *-1558* [ÜbersetzerIn] ; حکیم شاه, محمد بن مبارک قزوینی *-1558* [ÜbersetzerIn] ; Bīdakī, Hādī *1987-* [MitwirkendeR] ; بیدکی, هادی *1987-* [MitwirkendeR]",Ali-Shir Nava'i,Q503340,VerfasserIn,Čāp-i 1 - چاپ 1,Persian,"Tihrān : Intišārāt-i Duktur Maḥmūd Afšār ; تهران : انتشارات دکتر محمود افشار, 1401 h.š. [2022/2023]",727 Seiten,Biografie,"Maǧmūʿa-i intišārāt-i adabī wa tārīḫī-i Mauqūfāt-i Duktur Maḥmūd Afšār Yazdī / Dr. Mahmud Afshar Foundation. - Tihrān : Bunyād-i Mauqūfāt-i Duktur Maḥmūd-i Afšār, 1390 h.š. [2011/2012] - ; ZDB-ID: 2772433-5 ; 302","Includes bibliographical references In arabischer Schrift, persisch",978-622-7706-25-3,18.87 Türkische Sprachen und Literaturen 17.97 Texte eines einzelnen Autors | KJQ 677 Allgemeine Biographie {Persisch},ALS1,KJQ 677 Naw:z = 2024 A 4966,*Islam / Sufismus,,,,"Poets, Persian -- Biography",,,,,ʿAlī Šīr Nawāʾī *1441-1501*. Maǧālis an-nafāʾis,,,,,,,
Dāstānhā-i šīrīn : kitābčahā-i mardumī-i fārsī az nīma-i duwwum-i sada-i bīstum-i mīlādī / niwīsanda Ūlrīš Mārzūlf داستان های شيرين : کتابچه های مردمی فارسی از نيمه ی دوم سده ی بيستم ميلادی / نویسنده اولریش مارزولف,,"Marzolph, Ulrich *1953-* [VerfasserIn] ; م‍ارزول‍ف‌, اولریش [VerfasserIn] Hāšimī, Farānak [ÜbersetzerIn] ; هاشمی, فرانک [ÜbersetzerIn]",Ulrich Marzolph,Q61885862,VerfasserIn,,Persian (Language of original: German),"Tihrān : Warrāqān ; تهران : وراقان, 1400 h.š. [2000]","222 Seiten : Illustrationen (farbig), Faksimiles",Bibliografie (1950-1994),,"Literaturverzeichnis: Seite 209-222 Erweiterte Übersetzung von Marzolph, U.: Dāstānhā-ye širin. Fünfzig persische Volksbüchlein aus der zweiten Hälfte des zwanzigsten Jahrhunderts. Stuttgart: Steiner 1994 (Abhandlungen für die Kunde des Morgenlandes 50,4) In arabischer Schrift, persisch",978-600-99928-5-0,18.69 Iranische Sprachen und Literaturen 17.87 Besondere Literaturkategorien 06.22 Buchgestaltung | KJQ 546 Volksliteratur. Orale Literatur {Neupersisch},ALS1,KJQ 546:a = 2022 A 3468,"*Persisch / Volksbuch *Persisch / Volksliteratur *Marzolph, Ulrich *1953-* / Sammlung / Katalog *Persisch / Volksliteratur / Volksbuch / Geschichte 1950-1994 *Marzolph, Ulrich ; Perzisch ; Volksboeken ; Persisch ; Sammlung ; Volksliteratur ; Katalog ; Volksbuch",Library of Congress Classification: GR290 ; PJ5 Regensburger Verbund-Klassifikation: EL 7800: E Allgemeine und vergleichende Sprach- und Literaturwissenschaft. Indogermanistik. Außereuropäische Sprachen und Literaturen / EL Orientalistik / EL 7500-EL 7980 Allgemeines / Sammelwerke Regensburger Verbund-Klassifikation: EV 4270: Volksliteratur Regensburger Verbund-Klassifikation: LB 10365: Iran,,,,,,,,,,,,,,,
Šāhnāma-i Firdausī : taṣḥīḥ-i intiqādī wa šarḥ-i yakāyak-i abyāt / Mihrī Bihfar شاهنامه فردوسی : تصحیح انتقادی و شرح یکایک ابیات / مهری بهفر,Daftar-i 4 دفتر 4,"Firdausī *940-1020* [VerfasserIn] ; فردوسى *940-1020* [VerfasserIn] Bihfar, Mihrī *1973-* [HerausgeberIn] ; بهفر, مهری *1973-* [HerausgeberIn]",Ferdowsi,Q43459,VerfasserIn,Čāp-i 4 - چاپ 4,Persian,"Tihrān : Farhang-i Našr-i Nau ; تهران : فرهنگ نشر نو, 1400 h.š. [2021]","14, 646 Seiten ; 25 cm",Quelle,,"Ersch.-Jahr 1400 h.š. = 2021 In arabischer Schrift, persisch",978-600-7439-11-1,18.69 Iranische Sprachen und Literaturen 17.97 Texte eines einzelnen Autors | KJQ 656 Epen {Persisch},ALS1,KJQ 656 Fir:z = 2024 A 4987:4,,,,,,,,,,,,,,,,,
Malkum Ḫān : naẓarīyahʹpardāz-i nawsāzī-i siyāsī dar ʿaṣr-i mashrūṭah / Ḥasan Qāḍī Murādī ملکم خان : نظريهپرداز نوسازى سىاسى در عصر مشروطه / حسن قاضى مرادى,,"Qāḍī Murādī, Ḥasan *1953-* [VerfasserIn] ; قاضى مرادى, حسن [VerfasserIn]","Qāḍī Murādī, Ḥasan",,VerfasserIn,Čāp-i 1 - چاپ 1,Persian,"[Tihrān] : Našr-i Aḫtarān ; تهران : نشر اختران, 1400 h.š. [2021]",368 Seiten ; 21 cm,Biografie,,"Includes bibliographical references (p. [356]-362) and index Hier auch später erschienene, unveränderte Nachdrucke Abweichender Titel: Malkum Khān Ersch.-Jahr 1400 h.š. = 2021 In arabischer Schrift, persisch",,15.76 Vorderer und mittlerer Orient Geschichte | PUH 258 Personen {Iran 1794-1925} PUH 252 Politik {Iran 1794-1925} KJQ 549 Politische Literatur {Neupersisch},ALS1,PUH 258:u = 2025 A 1893,*Mīrzā Malkam Ḫān *1834-1908* *Iran / Kadscharen<Dynastie : 1794-1925> / Politiker,Library of Congress Classification: DS316.M55,,,,,,,,,*978-964-889749-4,<a href='http://catdir.loc.gov/catdir/toc/fy10pdf01/ 2008326939.html' target=_blank>http://catdir.loc.gov/catdir/toc/ fy10pdf01/2008326939.html</a> Lizenzpflichtig,,,,,
"Muḥarram 1̱2̱7̱9̱ - Rabīʿ al-awwal 1̱2̱8̱3̱  : bi inḍimām safarnāma-hāy Kaǧūr, Fīrūzkūh wa safar-i awwal bi šarq-i Māzandarān محّرم ۱۲۷۹ - ربیع الاول ۱۲۸۳  : به انضمام سفرنامه های کجور، فیروزکوه و سفر اول به شرق مازندران",,"Nāṣir-ad-Dīn<Iran, Schah> *1831-1896* [VerfasserIn] ; ناصرالدین شاه *1831-1896* [VerfasserIn] ʿAbd-Amīn, Maǧīd *ca. 1962/63-* [MitwirkendeR] ; عبدامين, مجيد *ca. 1962/63-* [MitwirkendeR]",Naser al-Din Shah Qajar,Q159416,VerfasserIn,čāp 1 - چاپ اول,Persian,"Tihrān : Intišārāt duktur Maḥmūd Afšār ; تهران : انتشارات دکتر محمود افشار,  1400 h.š. [2021]","678 gezählte, 38 ungezählte Seiten : Illustrationen ; 25 cm",,"Maǧmūʿa-i intišārāt-i adabī wa tārīḫī-i Mauqūfāt-i Duktur Maḥmūd Afšār Yazdī. - Tihrān : Bunyād-i Mauqūfāt-i Duktur Maḥmūd Afšār Yazdī, 1973- ; ZDB-ID: 2282916-7 ; 279f bar Ganǧīna-i āsnād wa tārīḫ-i Īrān ; 79 گنجینۀ اسناد و تاریخ ایران ; ٧٩","In arabischer Schrift, persisch",978-622-6441-28-5,KJQ 679 Reise {Persisch},ALS1 | ALS1,KJQ 679:NSQ:z = 2024 A 3735:1 | KJQ 679:NSQ:z = 2024 A 4991:1,,,,,,,,,,,,,,,,,
"Riğāl-i Fārs dar wāpasīn daura-ʾi Qājār : ḥukūmat-i Birītāniyā dar Hind, 1925 / tarğuma Kāwa Bayāt رجال فارس در واپسین دورۀ قاجار : حکومت بریتانیا در هند، 1952 / ترجمه: کاوه بیات",,"Bayāt, Kāwa *1954-* [ÜbersetzerIn] ; بیات, کاوه *1954-* [ÜbersetzerIn]",Kāwa Bayāt,Q137155293,ÜbersetzerIn,Čāp-i 1 - چاپ اول,Persian,"Tihrān : Intišārāt-i Šīrāza Kitāb-i Mā ; تهران : انتشارات شیرازۀ کتاب ما, 1400 h.š. [2021]",206 Seiten : genealogical tables ; 22 cm,,"Maǧmūʿa-i tārīẖ-i muʿāsir-i Īrān. - Tihrān : Šīrāza, 1376h.š. [1997]- ; ZDB-ID: 2638995-2 ; 87","Includes folded genealogical tables Includes bibliographical references and index Ersch.-Jahr 1400 h.š. = 2021 In arabischer Schrift, persisch",978-622-7489-67-5 622-7489-67-0,15.76 Vorderer und mittlerer Orient Geschichte | PUH 258 Personen {Iran 1794-1925} KJQ 541 Biographische Literatur {Neupersisch},ALS1,PUH 258:u = 2024 A 4995,"*Iran / Politiker / Kadscharen<Dynastie : 1794-1925> *Politicians -- Iran -- Fārs -- Biography ; Celebrities -- Iran -- Fārs -- Biography ; Iran -- History -- Qajar dynasty, 1794-1925 ; Politicians -- Iran -- Fārs -- Biography -- DLC ; Celebrities -- Iran -- Fārs -- Biography -- DLC ; Iran -- History -- Qajar dynasty, 1794-1925 -- http://id.loc.gov/authorities/subjects/sh85067900 -- DLC *1794-1925 ; Politiciens - Iran - Fārs (Ostān) - Biographies ; Celebrities ; Politicians ; Qajar Dynasty (Iran) ; Iran - Histoire - 1794-1925 (Dynastie des Qādjārs) ; Iran ; Iran - Fārs ; Biographies ; History",Library of Congress Classification: DS315.9,,,,,,,,,,,,,,,
Āyandah / muʾassis va mudīr-i masʾūl Duktur Maḥmūd Afshār آینده / مؤسس و مدیر مسئول دکتر محمود افشار,,"Yazdī, Maḥmūd Afshār [SonstigeR] ; يزدى, محمود افشار [SonstigeR]",Mahmoud Afshar,Q6401894,SonstigeR,Chāp-i avval - چاپ اول,Persian,"Tihrān : Intishārāt-i Duktur Maḥmūd Afshār ; Intishārāt-i Sukhan ; تهران : انتشارات دکتر محمود افشار ; انتشارات سخن،, 1400 [2021]",4 volumes : chiefly facsimiles ; 25 cm,,Majmūʿah-ʾi intishārāt-i adabī va tārīkhī-i Mawqūfāt-i Duktur Maḥmūd Afshār ; 1-4 مجموعۀ انتشارات ادبی و تاریخی موقوفات دکتر محمود افشار ؛ ; 1-4,[Began with 1 (1304 [1925]); ceased with 46 (1339 [1960])..........................] Photoreproduction/facsimile In Persian,978-622-6441-94-0 set 622-6441-94-1 set 978-622-6441-93-3 volume 1 978-622-6441-95-7 volume 2 622-6441-95-X volume 2 978-622-6441-96-4 volume 3 622-6441-96-8 volume 3 978-622-6441-97-1 volume 4 622-6441-97-6 volume 4,,,,*Iran -- History -- Periodicals *Iran - Histoire - Périodiques ; periodicals ; Periodicals ; Périodiques,Library of Congress Classification: AP95.P3 ; DS251,Āyandah / muʾassis va mudīr-i masʾūl Duktur Maḥmūd Afshār آینده / مؤسس و مدیر مسئول دکتر محمود افشار,,,,,,Sāl-i avval. Tīr-i 1304 - Ābān-i 1305 -- Sā̄l-i duvvum. Day-i 1305 - Isfand-i 1306 -- Sāl-i sivvum. Mihr-i 1323 - Isfand-i 1324 -- Sāl-i chahārum. Mihr-i 1338 - Urdībihisht-i 1339. سال اول. تیر 1304 - آبان 1305 -- سال دوم. دی 1305 - اسفند 1306 -- سال سوم. مهر 1323 - اسفند 1324 -- سال چهارم. مهر 1338 - اردیبهشت 1339.,,,,"Erscheint auch als: Reproduction of (manifestation)- Āyandah (Tehran, Iran : 1925). - Tehran [Iran] : [publisher not identified], 1925-1960",,,,
Tahamtan-nāma : ba hamrāh-i manẓūmahā-i Zāl wa maqātil-i Dīw wa kūh-i Damāwand$daz sarāyandagānī-i nāšinās dar daura-i Ṣafawīya / taṣḥīḥ wa taḥqīq Duktur Riḍā Ġafūrī تهمتن‌نامه : به همراه منظومه های زال و مقاتل دیو و کوه دماوند / از سرایندگانی ناشناش در دورۀ صفویه ؛ تصحیح و تحقیق دکتر رضا غفوری,,"Ġafūrī, Riḍā *ca. 1981/82-* [HerausgeberIn] ; غفوری, رضا [SonstigeR]","Ġafūrī, Riḍā",,HerausgeberIn,,Persian,"Tihrān : Intišārāt-i Duktur Maḥmūd Afšār ; تهران : انتشارات دکتر محمود افشار, 1400 h.š. [= 2021]",,Quelle,Maǧmūʿa-i Intišārāt-i Adabī wa Tārīḫī-i Mauqūfāt-i Duktur Maḥmūd Afšār ; 231 مجموعه انتشارات ادبی و تاریخی موقوفات دکتر محمود افشار ; ۲۳۱ Ganǧīna-i zabān wa adabīyāt-i fārsī-i darī ; 72 گنجینه زبان و ادبیات فارسی دری ; ۷۲,Dieser Auszug aus dem Šāhnāma stammt von einem unbekannten Höfling aus der Safawidenzeit Literaturverzeichnis Seite [457]-473 In arabischer Schrift,978-622-6441-23-0,"18.69 Iranische Sprachen und Literaturen 17.97 Texte eines einzelnen Autors | KJQ 664 Volkstümliche Prosa [auch Fabel, Märchen] {Persisch}",ALS1,KJQ 664:z = 2024 A 4961,,"Regensburger Verbund-Klassifikation: EV 4966: E Allgemeine und vergleichende Sprach- und Literaturwissenschaft. Indogermanistik. Außereuropäische Sprachen und Literaturen / EV Indoiranische Sprachen und  Literaturen (unter Einschluss nichtindogermanischer Sprachen) / EV 500-EV 9999 Iranische Sprachen und Literaturen, Iranistik / EV 3200-EV 9999 Iranische Literatur / EV 4000-EV 8999 Neuiranische Literatur / EV 4300-EV 8999 Neupersische Literatur / EV 4400-EV 5999 Klassische neupersische Literatur (ab ca. 9. Jahrhundert) / EV 4700-EV 5999 Einzelne Autoren und Anonyma / EV 4966-EV 4967 Firdausī / Primärliteratur Regensburger Verbund-Klassifikation: EV 4967: E Allgemeine und vergleichende Sprach- und Literaturwissenschaft. Indogermanistik. Außereuropäische Sprachen und Literaturen / EV Indoiranische Sprachen und  Literaturen (unter Einschluss nichtindogermanischer Sprachen) / EV 500-EV 9999 Iranische Sprachen und Literaturen, Iranistik / EV 3200-EV 9999 Iranische Literatur / EV 4000-EV 8999 Neuiranische Literatur / EV 4300-EV 8999 Neupersische Literatur / EV 4400-EV 5999 Klassische neupersische Literatur (ab ca. 9. Jahrhundert) / EV 4700-EV 5999 Einzelne Autoren und Anonyma / EV 4966-EV 4967 Firdausī / Sekundärliteratur",,,,,,,,,,,,,,,
Fihrist-i nusḫahā-i ḫaṭṭī-i Kitābḫāna-i buzurg-i Haḍrat-i Āyatallāh al-ʿUẓmā-i Marʿašī Naǧafī : ganǧīna-i ǧahānī-i maḫṭūṭāt-i islāmī : Īrān - Qum / saiyid Maḥmūd Marʿašī Naǧafī ; bā hamkārī-i Muḥammad ʿAlī Ṣāliḥī فهرست نسخه‌هاى خطى کتابخانه بزرگ حضرت آیت الله العظمى مرعشى نجفى : گنجينۀ جهانى مخطوطات اسلامى : ایران - قم / سید محمود مرعشی نجفی ; با همکاری محّمد علی صالحی,Ǧild 50: 19701-20100 / saiyid Maḥmūd Marʿašī Naǧafī ; bā hamkārī-i Muḥammad ʿAlī Ṣāliḥī جلد ۵۰: ۱۹۷۰۱-۲۰۱۰۰ / سید محمود مرعشی نجفی ; با همکاری محّمد علی صالحی,"Marʿašī, Maḥmūd *1941-* [VerfasserIn] ; 1941-* [VerfasserIn] Ṣāliḥī, Muḥammad ʿAlī *1971-* [MitwirkendeR] ; صالحى, محمد على *1971-* [MitwirkendeR]","Marʿašī, Maḥmūd",,VerfasserIn,Čāp-i awwal - چاپ اول,"Persian, Arabic","Qum : Kitābḫāna-i Buzurg-i Ḥaḍrat-i Āyatallāh al-ʿUẓmā Marʿašī Naǧafī wa ganǧīna-i ǧahānī-i maḫṭūṭāt-i islāmī ; قم : کتابخانه بزرگ حضرت آیت الله العظمی مرعشی نجفی و گنجینه جهانی مخطوطات اسلامی, 1400 h.š. = 1443 h.q. = 2021",902 Seiten : Faksimiles,Katalog,,"In arabischer Schrift, persisch und arabisch",978-600-161-168-1,KJQ 200 Allgemeines {Neupersisch} APH 700 Orientalische Handschriften {Kataloge} APC 600 Asien {Handschriftenkataloge},HG-LS,APA 800 IRN QOM = FA 12716:50,,,,,,Kitābẖāna-i ʿUmūmī-i Ḥaḍrat-i Āyatallāh al-ʿUẓmā Naǧafī Marʿašī  <Kum> [Herausgebendes Organ] Kitābẖāna-i ʿUmūmī-i Ḥaḍrat-i Āyatallāh al-ʿUẓmā Naǧafī Marʿašī  <Kum> [Herausgebendes Organ],Katalog der Handschriften der Wissenschaftlichen Allgemeinbibliothek in Qum/Iran,,,,,,,,,,
Fihrist-i nusḫahā-i ḫaṭṭī-i Kitābḫāna-i buzurg-i Haḍrat-i Āyatallāh al-ʿUẓmā Marʿašī Naǧafī : ganǧīna-i ǧahānī-i maḫṭūṭāt-i islāmī : Īrān - Qum / saiyid Maḥmūd Marʿašī Naǧafī ; bā hamkārī-i Muḥammad Ḥusain Amīnī فهرست نسخه‌هاى خطى کتابخانه بزرگ حضرت آیت الله العظمى مرعشى نجفى : گنجينۀ جهانى مخطوطات اسلامى : ایران - قم / سید محمود مرعشی نجفی ; با همکاری محّمد حسین امینی,Ǧild 52: 20501-20900 / saiyid Maḥmūd Marʿašī Naǧafī ; bā hamkārī-i Muḥammad Ḥusain Amīnī جلد ۵۲: ۲۰۵۰۱-۲۰۹۰۰ / سید محمود مرعشی نجفی ; با همکاری محّمد حسین امینی,"Marʿašī, Maḥmūd *1941-* [VerfasserIn] ; 1941-* [VerfasserIn] Amīnī, Muḥammad Ḥusain *1967-* [MitwirkendeR] ; امینی, محمد حسین *1967-* [MitwirkendeR]","Marʿašī, Maḥmūd",,VerfasserIn,Čāp-i awwal - چاپ اول,"Persian, Arabic","Qum : Kitābḫāna-i Buzurg-i Ḥaḍrat-i Āyatallāh al-ʿUẓmā Marʿašī Naǧafī wa ganǧīna-i ǧahānī-i maḫṭūṭāt-i islāmī ; قم : کتابخانه بزرگ حضرت آیت الله العظمی مرعشی نجفی و گنجینه جهانی مخطوطات اسلامی, 1400 h.š. = 1443 h.q. = 2021",712 Seiten : Faksimiles,Katalog,,"In arabischer Schrift, persisch und arabisch",978-600-161-175-9,KJQ 200 Allgemeines {Neupersisch} APH 700 Orientalische Handschriften {Kataloge} APC 600 Asien {Handschriftenkataloge},HG-LS,APA 800 IRN QOM = FA 12716:52,,,,,,Kitābẖāna-i ʿUmūmī-i Ḥaḍrat-i Āyatallāh al-ʿUẓmā Naǧafī Marʿašī  <Kum> [Herausgebendes Organ] Kitābẖāna-i ʿUmūmī-i Ḥaḍrat-i Āyatallāh al-ʿUẓmā Naǧafī Marʿašī  <Kum> [Herausgebendes Organ],Katalog der Handschriften der Wissenschaftlichen Allgemeinbibliothek in Qum/Iran,,,,,,,,,,
Fihrist-i nusḫahā-i ḫaṭṭī-i Kitābḫāna-i buzurg-i Haḍrat-i Āyatallāh al-ʿUẓmā Marʿašī Naǧafī : ganǧīna-i ǧahānī-i maḫṭūṭāt-i islāmī : Īrān - Qum / saiyid Maḥmūd Marʿašī Naǧafī ; bā hamkārī-i Mīr Maḥmūd Mūsawī فهرست نسخه‌هاى خطى کتابخانه بزرگ حضرت آيت الله العظمى مرعشى نجفى : گنجينۀ جهانى مخطوطات اسلامى : ایران - قم / سید محمود مرعشی نجفی ; با همکاری میر محمود موسوی,Ǧild 54: 21301-21700 / saiyid Maḥmūd Marʿašī Naǧafī ; bā hamkārī-i Mīr Maḥmūd Mūsawī جلد ۵۴: ۲۱۳۰۱- ۲۱۷۰۰ / سید محمود مرعشی نجفی ; با همکاری میر محمود موسوی,"Marʿašī, Maḥmūd *1941-* [VerfasserIn] ; 1941-* [VerfasserIn] Mūsawī, Mīr Maḥmūd *1965-* [MitwirkendeR] ; 1965-* [MitwirkendeR]","Marʿašī, Maḥmūd",,VerfasserIn,Čāp-i awwal - چاپ اول,"Persian, Arabic","Qum : Kitābḫāna-i Buzurg-i Ḥaḍrat Āyatallāh al-ʿUẓmā Marʿašī Naǧafī wa ganǧīna-i ǧahānī-i maḫṭūṭāt-i islāmī ; قم : کتابخانه بزرگ حضرت آیت الله العظمی مرعشی نجفی و گنجینه جهانی مخطوطات اسلامی, 1400 h.š. = 1443 h.q. = 2021",673 Seiten : Faksimiles,Katalog,,"In arabischer Schrift, persisch und arabisch",978-600-161-160-5,KJQ 200 Allgemeines {Neupersisch} APH 700 Orientalische Handschriften {Kataloge} APC 600 Asien {Handschriftenkataloge},HG-LS,APA 800 IRN QOM = FA 12716:54,,,,,,Kitābẖāna-i ʿUmūmī-i Ḥaḍrat-i Āyatallāh al-ʿUẓmā Naǧafī Marʿašī  <Kum> [Herausgebendes Organ] Kitābẖāna-i ʿUmūmī-i Ḥaḍrat-i Āyatallāh al-ʿUẓmā Naǧafī Marʿašī  <Kum> [Herausgebendes Organ],Katalog der Handschriften der Wissenschaftlichen Allgemeinbibliothek in Qum/Iran,,,,,,,,,,
"Rūznāmah-ʼi safar-i Kuhgīlūyah va Bakhtiyārī, 1331-1335 H.Q / Mīrzā Abū Ṭālib Mūsavī Qashqāyī ; bih kūshish-i Bābak Zīlābʹpūr ‏روزنامۀ سفر کهگيلويه و بختيارى، ١٣٣١-١٣٣٥ ه.ق /‏ / ‏ميرزا ابو طالب موسوى قشقايى ؛ به کوشش بابک زيلاب‌پور",,"Mūsavī Qashqāyī, Mīrzā Abū Ṭālib, -1933? [VerfasserIn] ; ‏موسوى قشقايى, ميرزا ابو طالب [GeistigeR SchöpferIn] Zīlābʹpūr, Bābak, 1981 or 1982- [HerausgeberIn] ; ‏زيلاب‌پور, بابک [SonstigeR]","Mūsavī Qashqāyī, Mīrzā Abū Ṭālib",,VerfasserIn,Chāp-i avval - ‏چاپ اول,Persian,"Tihrān : Intishārāt-i Shīrāzah-i Kitāb-i Mā ; ‏تهران :‏ : ‏انتشارات شيرازه کتاب ما،‏, 1400 [2021]","216 pages : illustrations, facsimiles, genealogical tables ; 22 cm",,Majmūʻah-ʼi tārīkh-i muʻāṣir-i Īrān ; 89 ‏مجموعۀ تاريخ معاصر ايران ؛‏ ; ‏89,Includes bibliographical references and indexes In Persian,978-622-7489-73-6,,ALS1,= 2024 A 3745,"*Mūsavī Qashqāyī, Mīrzā Abū Ṭālib -- -1933? -- Travel -- Iran -- Kuhgīlūyah va Būyir Aḥmadī -- DLC ; Bakhtiari (Iranian people) -- History -- DLC ; Kuhgīlūyah va Būyir Aḥmadī (Iran) -- Description and travel -- DLC ; Iran -- History -- Qajar dynasty, 1794-1925 -- Sources -- DLC",Library of Congress Classification: DS324.K85,,,"Kuhgīlūyah va Būyir Aḥmadī (Iran) -- Description and travel. ; Mūsavī Qashqāyī, Mīrzā Abū Ṭālib, -1933? ; Bakhtiari (Iranian people) -- History",,,,,,,,,,,,
Bahǧat-afzā / Muḥammad Mahdī Čarpādiqanī$htashīh wa tahqīq Umīd Surūrī Golpaigānī بهجت‌افزا / محمدمهدی چرپادقانی$hتصحیح و تدقیق دکتر امید سروری گلپایگانی,,"Čarpādiqanī, Muḥammad Mahdī [VerfasserIn] ; چرپادقانی, محم مهدی [VerfasserIn] Surūrī, Umīd *1980-* [ZusammenstellendeR] ; سروری, امید *1980-* [ZusammenstellendeR]","Čarpādiqanī, Muḥammad Mahdī",,VerfasserIn,C̆āp-i 1 - چاپ 1,Persian,"Tihrān : Intišārāt-i Duktur Maḥmūd Afšār ; Intišārāt-i Suḫan ; تهران : انتشارات دکتر محمود افشار ; انتشارات سخن, 1400 h.š. [2021]",260 Seiten,Quelle,"Maǧmūʿa-i intišārāt-i adabī wa tārīḫī-i Mauqūfāt-i Duktur Maḥmūd Afšār Yazdī. - Tihrān : Bunyād-i Mauqūfāt-i Duktur Maḥmūd Afšār Yazdī, 1973- ; ZDB-ID: 2282916-7 ; 299 Maǧmūʿa-i intišārāt-i adabī wa tārīḫī-i Mauqūfāt-i Duktur Maḥmūd Afšār Yazdī / Dr. Mahmud Afshar Foundation. - Tihrān : Bunyād-i Mauqūfāt-i Duktur Maḥmūd-i Afšār, 1390 h.š. [2011/2012] - ; ZDB-ID: 2772433-5 ; 107","Novel Ersch.-Jahr 1400 h.š. = 2021 In arabischer Schrift, persisch",978-622-7706-22-2,"18.69 Iranische Sprachen und Literaturen 17.84 Sonstige literarische Gattungen | KJQ 664 Volkstümliche Prosa [auch Fabel, Märchen] {Persisch}",ALS1,KJQ 664 CMM:z = 2024 A 5005,,,,,,,,,,,,,,,,,
Mūnis-nāma / Abū-Bakr Ibn-Ḫusrau al-Ustād ; taṣḥīḥ wa taḥqīq duktur Nasrīn ʿAskarī مونس نامه / ابوبکر بن خسرو الاستاد ; تصحیح و تحقیق دکتر نسرین عسکری,,"Abū-Bakr Ibn-Ḫusrau al-Ustād *ca. 12. Jh.* [VerfasserIn] ; ابوبکر بن خسرو الاستاد *ca. 12. Jh.* [VerfasserIn] Askari, Nasrin *1969-* [HerausgeberIn] ; عسکری, نسرین *1969-* [HerausgeberIn]",Abū-Bakr Ibn-Ḫusrau al-Ustād,,VerfasserIn,Čāp-i 1 - چاپ 1,Persian,"Tihrān : Intišārāt-i Duktur Maḥmūd Afšār Yazdī bā hamkārī-i Intišārāt-i Suḫan ; تهران : انتشارات دکتر محمود افشار یزدی با همکاری انتشارات سخن, 1400 h.š. [2021]",690 Seiten,Quelle,"Maǧmūʿa-i intišārāt-i adabī wa tārīḫī-i Mauqūfāt-i Duktur Maḥmūd Afšār Yazdī. - Tihrān : Bunyād-i Mauqūfāt-i Duktur Maḥmūd Afšār Yazdī, 1973- ; ZDB-ID: 2282916-7 ; 293 Maǧmūʿa-i intišārāt-i adabī wa tārīḫī-i Mauqūfāt-i Duktur Maḥmūd Afšār Yazdī / Dr. Mahmud Afshar Foundation. - Tihrān : Bunyād-i Mauqūfāt-i Duktur Maḥmūd-i Afšār, 1390 h.š. [2011/2012] - ; ZDB-ID: 2772433-5 ; 104","Literaturverzeichnis Seite [684]-690 In arabischer Schrift, persisch",978-622-7706-16-1 622-7706-16-7,"18.69 Iranische Sprachen und Literaturen 17.97 Texte eines einzelnen Autors | KJQ 646 Fürstenspiegel, Erziehung {Persisch} KJQ 553 Didaktische Literatur {Neupersisch}",FMAG | ALS1,2024 A 4962 | KJQ 646 ABUs:z = 2024 A 3747,*Persisch / Sinnspruch / Fabel / Sprichwort,,,,,,,,,,,,,,,,
Rubāʿīāt Ḫayām : wa Ḫayāmānah hāī pārsī / Sīyid ʿAlī Mīrāfḍalī رباعیات خیام : و خیامانه های پارسی / سّید علی میرافضلی,,"Mīr Afḍalī, ʿAlī *1968-* [VerfasserIn] ; میر افضلى, علی *1968-* [VerfasserIn]","Mīr Afḍalī, ʿAlī",,VerfasserIn,čāp 3 - چاپ سوم,Persian,"Tihrān : Intišārāt Suḫan ; تهران : انتشارات سخن, 1401 [2022]",542 Seiten ; 22 cm,,,Includes bibliographical references and index Abweichende Umschrift: Rubāʻīyāt-i Khayyām va Khayyāmānahʹhā-yi Pārsī In Persian,978-622-260-030-3,,ALS1,= 2024 A 3683,,,,,Omar Khayyam. Rubāʻīyāt. ; Persian poetry -- 747-1500. ; Persian poetry -- 747-1500 -- History and criticism,,,,,,,,,,,,
Ǧangnāma-i Rustam wa Zanūn / ba kūšiš-i Duktur Āraš Akbarī Mafāḫir جنگنامۀ رستم و زنون / به کوشش دکتر آرش اکبری مفاخر ǰaŋnâme-ye R̊ustam u Zanün / Arash Akbari Mafakher 2021,,"Firdausī *940-1020* [VerfasserIn] ; فردوسى *940-1020* [VerfasserIn] Akbarī Mafāḫir, Āraš *1975-* [HerausgeberIn] [KommentarverfasserIn] ; اکبرى مفاخر, آرش *1975-* [HerausgeberIn] [KommentarverfasserIn]",Ferdowsi,Q43459,VerfasserIn,Čāp-i 1 - چاپ 1,"Persian, Guarani","Tihrān : Intišārāt-i Duktur Maḥmūd Afšār ; Intišārāt-i Suḫan ; تهران : انتشارات دکتر محمود افشار ; انتشارات سخن, 1400 h.š. [2021]","703 Seiten : Illustrationen, Faksimiles ; 29 cm",Quelle,"Maǧmūʿa-i intišārāt-i adabī wa tārīḫī, mauqūfāt-i Duktur Maḥmūd Afshār ; 273 مجموعۀ انتشارات ادبى و تاريخى، موقوفات دکتر محمود افشار ؛ ; 273 Ganǧīna-i kullīyāt wa maqālāt ; 78 گنجینۀ کلیات و مقالات ؛ ; 78",Includes bibliographical references (pages 639-659) and indexes In arabischer Schrift,978-622-6441-85-8 622-6441-85-2,18.69 Iranische Sprachen und Literaturen 17.97 Texte eines einzelnen Autors 17.81 Epik Prosa | KJS 633 Epos. Heldenlied. Verserzählung. {Kurdisch} KJQ 515 Literarische Übersetzungen {Neupersisch} KJQ 525 Rezeption {Neupersisch},ALS1,KJS 633 Fir:z = 2024 B 604,"*Firdausī *940-1020*. Šāhnāma *Firdawsī -- Shāhnāmah ; Firdawsī -- Shāhnāmah -- Criticism and interpretation *Shāhnāmah (Firdawsī) ; Criticism, interpretation, etc ; Epic poetry ; Epic poetry ; Poésie épique",Library of Congress Classification: PK6456.5,,,"The text of the ""Kurdish Shahnamah"" in Gurani, in Arabic and Latin script, its translation into Persian, and detailed commentary",,,,,Šāhnāma . Selections,,,,,,,
Čāp-i muṣawwar : Pažūhišī dar kitābhā-i čāp-i sangī-i Fārsī / niwīsanda Ūlrīš Mārzūlf ; tarǧuma Muḥammad Ǧawād Aḥmadī-Nīyā چاپ مصور : پژوهشی در کبا‌های چاپ سنگی فارسی / نویسنده اولریش مارزولف ; ترجمه محمد جواد احمدی‌نیا,,"Marzolph, Ulrich *1953-* [VerfasserIn] ; مارزلف, اولریش *1953-* [VerfasserIn] Aḥmadīnīyā, Muḥammad-Ǧawād *1980-* [ÜbersetzerIn] ; احمدى‌نيا, محمدجواد *1980-* [ÜbersetzerIn]",Ulrich Marzolph,Q61885862,VerfasserIn,Čāp-i awwal - چاپ اول,Persian (Language of original: German),"Tihrān : Mān ; تهران : مان, zimistān 1400 h.š [2021/2022]",172 Seiten : Illustrationen,,,"Literaturverzeichnis: Seite 161-166, Indizes Illustrated Printing$dA Research on the Persian lithographed Books$hUlrich Marzolph ; translated by Mohamad Javad Ahmadinia In arabischer Schrift, persisch",978-622-98204-0-7,"06.22 Buchgestaltung | KJQ 230 Arbeitstechnik. Arbeitsmittel {Neupersisch} ARF 400 Buchkunst und Buchillustration regional GEH 730 Lithographie {Bildende Kunst, Graphik} PUH 255 Kultur {Iran 1794-1925}",ALS1,KJQ 230:m = 2022 A 3489,*Iran / Kadscharen<Dynastie : 1794-1925> / Lithografie / Buchkunst,,,,,,,,,,,,,,,,
Bi muwāzāt-i tawaqquf / Raḥmān Karīmī به موازات توقف / رحمان کریمی,,"Karīmī, Raḥmān *1937-2022* [VerfasserIn] ; کریمی, رحمان *1937-2022* [VerfasserIn] Karīmī, Rūzbih [FotografIn] ; کریمی, روزبه [FotografIn] ; Karīmī, Ḫāṭira [VerfasserIn einer Einleitung] ; کریمی, خاطره [VerfasserIn einer Einleitung]",Rahman Karimi,Q116533774,VerfasserIn,Čāp-i duwwum - چاپ دوم,Persian,"Düren : Shaker Media, tīr 1400h.š. [2021]","104 Seiten : Illustration ; 22 cm x 15.5 cm, 162 g",,,,978-3-95631-869-6,KJQ 658 Dichtung der Moderne {Persisch},ALS1,KJQ 658 KarR:z = 2022 A 7036:1,,"Regensburger Verbund-Klassifikation: EV 7699: E Allgemeine und vergleichende Sprach- und Literaturwissenschaft. Indogermanistik. Außereuropäische Sprachen und Literaturen / EV Indoiranische Sprachen und  Literaturen (unter Einschluss nichtindogermanischer Sprachen) / EV 500-EV 9999 Iranische Sprachen und Literaturen, Iranistik / EV 3200-EV 9999 Iranische Literatur / EV 4000-EV 8999 Neuiranische Literatur / EV 4300-EV 8999 Neupersische Literatur / EV 6000-EV 8999 Moderne neupersische Literatur (ab Mitte des 19. Jahrhunderts) / EV 6400-EV 7699 Einzelne Autoren und Anonyma (bis Geburtsjahr 1975) / Sonstige Autoren",Maǧmūʿa-i ašʿār / Raḥmān Karīmī ; Ǧild 1 مجموعه اشعار / رحمان کریمی ; جلد ۱,,,Shaker Media GmbH [Verlag],,,,,,,,,,,
"Bāzār va dukān va kārvānsarā dar asnād-i dawrah-ʾi Qājār بازار و دکان و كاروانسرا در  اسناد دورۂ قاجار Bazaars, store, and caravanserais in the documents from Qajar Iran / Hashem Rajabzadeh with the cooperation of Kinji Eura and a preface by Kazuo Morimoto Kājāru chōki iran no ichiba, tenpo, taishōyado kanren bunsho / Hāshemu Rajabuzāde hencho ; Eura Kinji kyōrokyu ; Morimoto Kazuo jobun カージャール朝期イランの市場・店舗・隊商宿関連文書 / ハーシェム・ラジャブザーデ編著 ; 江浦公治協力 ; 森本一夫序文",,"Raǧabzāda, Hāšim *1941-* [VerfasserIn] [HerausgeberIn] ; رجب‌زاده, هاشم *1941-* [VerfasserIn] [HerausgeberIn] Eura, Kinji *1970-* [Sonstige Person, Familie und Körperschaft] ; 1970-* [Sonstige Person, Familie und Körperschaft] ; Morimoto, Kazuo *1970-* [VerfasserIn eines Vorworts] ; 森本, 一夫 *1970-* [VerfasserIn eines Vorworts]",Hashem Rajabzadeh,Q10856741,"VerfasserIn, HerausgeberIn",,"Persian, Japanese","Tūkyū : Markaz-i Pažūhiš wa Iṭilāʿrasānī dar Muṭālaʿāt-i Āsiyāyī, 2021","1, 184 Seiten ; 26 cm",Quelle,"Tōyōgaku Kenkyū Jōhō Sentā sōkan. - Tōkyō : [Verlag nicht ermittelbar], 2002- ; ZDB-ID: 2585740-X ; 32 東洋学研究情報センター叢刊. - 東京 : [Verlag nicht ermittelbar], 2002- ; ZDB-ID: 2585740-X ; 32 Ganǧīna-i asnād-i fārsī. - Tokyo : Research and Information Center for Asian Studies, 1997- ; ZDB-ID: 2565262-X ; 8 گنجینه اسناد فارسی, 1997- ; ZDB-ID: 2565262-X ; 8","背表紙・裏表紙にペルシア語表記あり In arabischer Schrift, persisch, Vorwort auf japanisch",978-4-903235-57-8,,,2023 B 25157,*Iran / Kadscharen<Dynastie : 1794-1925> *イラン / 歴史 / 史料,NDC10: 227.2,,,,Tōyōgaku Kenkyū Jōhō Sentā  <Tokio> [Herausgebendes Organ] Tōyōgaku Kenkyū Jōhō Sentā  <Tokio> [Herausgebendes Organ],,,,,,,,,,,
Rūyā-i Īrānī / Anūšah Munādī The Iranian's dream The Iranian's dream /,,"Munādī, Anūšah [VerfasserIn]","Munādī, Anūšah",,VerfasserIn,Cāp-i 1,Persian,"Landan : Našr-i Mihrī [2021], 1399 h.š. [2020]",196 Seite ; 21 cm,,Našr-i Mihrī Dāstān-i Fārsī ; 54,"A novel Abweichender Titel: Iranian's dream In arabischer Schrift, persisch In Persian",978-1-914165-67-2,18.69 Iranische Sprachen und Literaturen 17.97 Texte eines einzelnen Autors | KJQ 667 Roman {Persisch},ALS1,= 2022 A 3469,,Library of Congress Classification: PK6562.23.U68,,,,,,,,,,,,,,,
Inǧīl-i laīdīz / Ḫusrau Dawāmī انجیل لیدیز / دوامی، خسرو Angel ladies / Khosrow Davami,,"Davami, Khosrow *1998-* [VerfasserIn] ; دوامی, خسرو *1998-* [VerfasserIn]","Davami, Khosrow",,VerfasserIn,Cāp-i 2 - چاپ دوم,Persian,"Landan : Našr-i Mihrī ; لندن : نشر مهری, 1400 h.š. = 2021",102 Seiten,,"Novel, short stories collection. - London : Mehri Publication, 2021- ; ZDB-ID: 3105259-9 ; 62","Ersch.-Jahr 1400 h.š. = 2021 In arabischer Schrift, persisch",978-1-914165-34-4 1-914165-34-9,18.69 Iranische Sprachen und Literaturen 17.97 Texte eines einzelnen Autors | KJQ 667 Roman {Persisch},ALS1,KJQ 667 DHs:z = 2022 A 3449,,Dewey Decimal Classification: 891.55;,,,,,,,,,,,,<a href='http://ferdosimedia.com/assets/img/product/ books/60bf5ae2650f8/cover.jpg' target=_blank>http://ferdosimedia.com/assets/img/ product/books/60bf5ae2650f8/cover.jpg</a> [Add. information],,,
"MḤāǧī-zādaan, Mansur wa Albirāit / qiṣi-ī bā muqadama wa muḫira$hFarḫunda Ḥāǧī-zāda",,"Ḥāǧī-zāda, Farḫunda [VerfasserIn]","Ḥāǧī-zāda, Farḫunda",,VerfasserIn,Cāp-i 3 -,Persian,"Tihrān : Našr-i Čašma, 1400 h.š. [2021]",258 Seiten,,,"In arabischer Schrift, persisch",978-1-914165-01-6 978-1-914165-00-9,18.69 Iranische Sprachen und Literaturen 17.97 Texte eines einzelnen Autors | KJQ 667 Roman {Persisch},ALS1,KJQ 667= 2022 A 3448,,,,,,,,,,,,,,,,,
Sūʾ-i qaṣd bi ḏāt-i humāyūnī / Riḍā Ǧūlāyī,,"Ǧūlāyī, Riḍā *1950-* [VerfasserIn]","Ǧūlāyī, Riḍā",,VerfasserIn,Čāp-i 9,Persian,"Tihrān : Našr-i Čašma, 1400 h.š. [2021]",277 Seiten,Quelle,"Dāstān-i fārsī. - Tihrān : Našr-i Čašma, 1389h.š [2010] ; ZDB-ID: 2653647-X ; 256","Ersch.-Jahr 1400 h.š. = 2021 In arabischer Schrift, persisch",978-600-229-529-3,18.69 Iranische Sprachen und Literaturen 17.97 Texte eines einzelnen Autors 17.81 Epik Prosa | KJQ 667 Roman {Persisch},ALS1,KJQ 667 GulR:z = 2022 A 3441,,,,,,,,,,,,,,,,,
Rāhnamā-i murdan bā giyāhān-i dārūyī / ʿAṭīa ʿAṭārzāda,,"ʿAṭārzāda, ʿAṭīa *1984-* [VerfasserIn]","ʿAṭārzāda, ʿAṭīa",,VerfasserIn,Cap-i 26,Persian,"Tihrān : Našr-i Čašma, 1363 h.š. [2021]",117 Seiten,Quelle,"Dāstān-i fārsī. - Tihrān : Našr-i Čašma, 1389h.š [2010] ; ZDB-ID: 2653647-X ; 312","Ersch.-Jahr 1363 h.š. = 2021 In arabischer Schrift, persisch",978-600-229-803-4,18.69 Iranische Sprachen und Literaturen 17.97 Texte eines einzelnen Autors 17.81 Epik Prosa | KJQ 667 Roman {Persisch},ALS1,KJQ 667 Ata:z = 2022 A 3440,,,,,,,,,,,*250-0-11-038801-5,,,,,,
Tarbīyat-kunandi-i sagmāhī / Ahmad Ārām Sag-mahi Trainer / Ahmad Aram,,"Ārām, Aḥmad *1902-1998* [VerfasserIn]",Ahmad Aram,Q5956408,VerfasserIn,Čāp-i 1,Persian,"London : Mehri Publication Ltd [2021] ;  :  , 1400 h.š. = 2021",237 Seiten,Quelle,Mehri Publication Novel ; 67,"Ersch.-Jahr 1400 h.š. = 2021 In arabischer Schrift, persisch",978-1-914165-10-8 pbk. 1-914165-10-1,18.69 Iranische Sprachen und Literaturen 17.97 Texte eines einzelnen Autors 17.81 Epik Prosa | KJQ 667 Roman {Persisch},ALS1,KJQ 667 AraA:z = 2022 A 3438,,,,,,,,,,,,,,,,,
Sūdābi dar ātaš / Ḫuršīd Rišād Soudabe in fire : Short stories collection / Reshad Khorshid,,"Rišād, Ḫuršīd [VerfasserIn]","Rišād, Ḫuršīd",,VerfasserIn,Čāp-i 1,Persian,"London : Mehri Publication, 1400 h.š. [2021]",122 Seiten,,"Novel, short stories collection. - London : Mehri Publication, 2021- ; ZDB-ID: 3105259-9 ; 48","In arabischer Schrift, persisch",978-1-915029-70-6,18.69 Iranische Sprachen und Literaturen 17.97 Texte eines einzelnen Autors 17.81 Epik Prosa | KJQ 667 Roman {Persisch},ALS1 | ALS1,KJQ 667= 2022 A 955 | = 2022 A 3439,,,,,,,,,,,,,,,2021,,
Safarnāma-i Makka : 1253 q / 1838 m$dKaikāwūs Mīrzā farzand-i Fatḥ-ʿAlī Šāh Qaǧār ; bi kūšiš-i Rasūl Ǧaʿfariyān سفرنامه مکه : ۱۲۵۳ ق / ۱۸۳۸ م$dکیکاووس میرزا فرزند فتحعلی شاه قاجار ؛ به كوشش رسول جعفريان,,"Kaikāwūs Mīrzā Qāǧār *ca. 1808/09-?* [VerfasserIn] ; کیکاووس میرزا قاجار *ca. 1808/09-?* [VerfasserIn] Ǧaʿfariyān, Rasūl *ca. 30.06.1964-* [HerausgeberIn] ; جعفريان, رسول [HerausgeberIn]",Kaikāwūs Mīrzā Qāǧār,,VerfasserIn,Čāp 2 - چاپ دوم,Persian,"Tihrān : Našr-i ʿIlm ; تهران : نشر علم, 1399 h.š. [2020]",240 Seiten,Reisebericht,,"Ersch.-Jahr 2020 = 1399 h.š. In arabischer Schrift, persisch",978-964-224-745-5,18.69 Iranische Sprachen und Literaturen 17.97 Texte eines einzelnen Autors 15.76 Vorderer und mittlerer Orient Geschichte | KJQ 679 Reise {Persisch},ALS1,KJQ 679 KaiM:z = 2024 A 3691,*Mekka / Wallfahrt,,,,,,,,,,,,,,,,
Māh tā cāh / Ḥusain Ātašparwar,,"Ātašparwar, Ḥusain, 1951 or 1952- [VerfasserIn]","Ātašparwar, Ḥusain",,VerfasserIn,Cāp-i 1,Persian,"Landan : Nashr-i Mihrī [2020], 1399 h.š. [2020]",188 Seiten ; 20 cm,,"Nashr-i Mihrī. Dāstān-i Fārsī, Rumān ; 47","A novel Abweichender Titel: From the moon to the well In arabischer Schrift, persisch In Persian",978-1-914165-77-1,18.69 Iranische Sprachen und Literaturen 17.97 Texte eines einzelnen Autors | KJQ 667 Roman {Persisch},ALS1,= 2022 A 3442,,Library of Congress Classification: PK6562.1.T575,,,,,,,,,,,,,,,
Tūkā-i ābī,,"Ismāʿīliyūn, Ḥāmid *1977-* [VerfasserIn]","Ismāʿīliyūn, Ḥāmid",,,Cāp-i 1,Persian,"Tihrān : Našr-i Mihrī [1397 [2018]] ;  :  , 1397 h.š.  [2018]",246 Seite,,,"In arabischer Schrift, persisch",978-1-9993390-2-9 1-9993390-2-9,18.69 Iranische Sprachen und Literaturen 17.97 Texte eines einzelnen Autors | KJQ 667 Roman {Persisch},ALS1,= 2022 A 3471,*livet ; levevilkår ; mænd ; eksil ; politiske forhold ; Iran,,,,,,,,,,,,,,,,
Dīwhā-i ḫušpūš / Gulī Taraqqī دیوهای خوش پوش / گلی ترقی,,"Taraqqī, Gulī *1939-* [VerfasserIn] ; ترقی, گلی [VerfasserIn]","Taraqqī, Gulī",,VerfasserIn,Cāp-i 1 - چاپ اول,Persian,"Tihrān : Intišārāt-i Nīlūfar [1398 [2019]] ; تهران : انتشارات نیلوفر [1398], 1399 h.š. [2020]",135 Seiten,,,"Noveller Novellesamling In arabischer Schrift, persisch",978-622-6654-33-3 622-6654-33-3,18.69 Iranische Sprachen und Literaturen 17.97 Texte eines einzelnen Autors | KJQ 667 Roman {Persisch},ALS1,= 2022 A 3445,*livet ; levevilkår ; relationer ; traditioner,Library of Congress Classification: MLCSN 2024/61487 ; PK6561.T2835,,,,,,,,,,,,,,,
ʿAqrab-i kiši māh-pīšānī / Šahriyār Mandanīpūr Moon brow / by Shahriar Mandanipour,,"Mandanīpūr, Šahriyār *1957-* [VerfasserIn]","Mandanīpūr, Šahriyār",,VerfasserIn,Čāp-i 1,Persian,"London : Mehri Publication Ltd, 1399 h.š. = 2020",533 Seiten,Quelle,Mehri Publication Novel ; 46,,978-1-63684-343-8,18.69 Iranische Sprachen und Literaturen 17.97 Texte eines einzelnen Autors 17.81 Epik Prosa | KJQ 667 Roman {Persisch},ALS1,KJQ 667 MnSh:z = 2022 A 3443,,,,,,,,,,,,,,,,,
"Ǧāmiʿ at-tamṯīl / Muḥammad Ḥabla-Rūdī ; taṣḥīḥ wa taḥqīq Muḥammad ʿAlī Iǧtihādiyān جامع‌التمثیل / محمدعلی حبله‌رودی, تصحيح و تحقيق محمدعلی اجتهادیان",,"Ǧabala Rūdī, Muḥammad [VerfasserIn] ; جبله رودى، محمد [VerfasserIn] Iǧtihādiyān, Muḥammad ʿAlī *ca. 1977/78-* [HerausgeberIn] ; 1977/78-* [HerausgeberIn]","Ǧabala Rūdī, Muḥammad",,VerfasserIn,Čāp-i 1 - چاپ 1,Persian,"Tihrān : Intišārāt-i Duktur Maḥmūd Afšār ; تهران : انتشارات دکتر محمود افشار, 1399 h.š. [2020]","112, [4], 593 Seiten",Quelle,"Maǧmūʿa-i intišārāt-i adabī wa tārīḫī-i Mauqūfāt-i Duktur Maḥmūd Afšār Yazdī. - Tihrān : Bunyād-i Mauqūfāt-i Duktur Maḥmūd Afšār Yazdī, 1973- ; ZDB-ID: 2282916-7 ; 237 Maǧmūʿa-i intišārāt-i adabī wa tārīḫī-i Mauqūfāt-i Duktur Maḥmūd Afšār Yazdī / Dr. Mahmud Afshar Foundation. - Tihrān : Bunyād-i Mauqūfāt-i Duktur Maḥmūd-i Afšār, 1390 h.š. [2011/2012] - ; ZDB-ID: 2772433-5 ; 75",Literaturverzeichnis Seite [587]-593 Text persisch Arabische Schrift,978-622-6441-39-1 622-6441-39-9,18.69 Iranische Sprachen und Literaturen 17.87 Besondere Literaturkategorien | KJQ 649 Sonstige Vers- und Prosaformen {Persisch},ALS1,KJQ 649 Gbl:z = 2024 A 4978,*Sprichwort *Parabel ; Islam ; Parabel / islamische / Text ; Quelle,"Regensburger Verbund-Klassifikation: EV 4670: E Allgemeine und vergleichende Sprach- und Literaturwissenschaft. Indogermanistik. Außereuropäische Sprachen und Literaturen / EV Indoiranische Sprachen und  Literaturen (unter Einschluss nichtindogermanischer Sprachen) / EV 500-EV 9999 Iranische Sprachen und Literaturen, Iranistik / EV 3200-EV 9999 Iranische Literatur / EV 4000-EV 8999 Neuiranische Literatur / EV 4300-EV 8999 Neupersische Literatur / EV 4400-EV 5999 Klassische neupersische Literatur (ab ca. 9. Jahrhundert) / EV 4600-EV 4699 Texte und Textsammlungen / Volksliteratur (Märchen, Fabeln, u.a.)",,,,,,,,,,,,,,,
"Sabk-šināsī-i šiʿr / duktur Sīrūs Šamīsā سبک‌شناسى شعر / دکتر سىروس شمىسا A stylistic survey of Persian poetry / by Sirous Shamissa, Lit. D.",,"Šamīsā, Sīrūs *1948-* [VerfasserIn] ; شمیسا, سیروس *1948-* [VerfasserIn]","Šamīsā, Sīrūs",,VerfasserIn,Čāp-i šišum āz wīrāst-i duwwum - چاپ سسم از ویراست دوم,Persian,"Tihrān : Našr-i Mītrā ; تهران : نشر ميترا, 1399 h.š. [2020]",420 pages ; 24 cm,,,"""Virāst-i duvvum."" Includes bibliographical references, glossary and index Ersch.-Jahr 1399 h.š. = 2020 In arab. Schr., pers.",978-964-8417-03-6 964-8417-03-2,18.69 Iranische Sprachen und Literaturen 17.83 Lyrik 17.77 Stilistik Rhetorik Literaturwissenschaft | KJQ 532 Lyrik {Neupersisch} KJQ 516 Literarischer Stil {Neupersisch},ALS1,KJQ 532:m = 2021 A 3033,"*Persisch / Lyrik / Stilistik *Persian poetry -- History and criticism ; Persian poetry -- Themes, motives ; Poets, Persian *Persian poetry ; Criticism, interpretation, etc",Library of Congress Classification: PK6416,,,,,,,,,,,,,,,
"Khānum ! fardā kūch ast : safarnāmah-ʾi Sakīnah Sulṭān (Vaqār al-dawlah) / pizhūhish: Rasūl Jaʿfariyān, Kiyānūsh Kiyānī ; vīrāyish va tadvīn: Zahrā Ṣāliḥīʹzādah خانم! فردا کوچ است : سفرنامۀ سکىنه سلطان (وقار الدوله) / پژوهش: رسول جعفرىان، کىانوش کىانى ؛ وىراىش و تدوىن: زهرا صالحى زاده",,"Vaqār al-Dawlah, Sakīnah Sulṭān [VerfasserIn] ; وقار الدوله, سکينه سلطان [VerfasserIn] Jaʿfariyān, Rasūl [SonstigeR] ; جعفريان, رسول [SonstigeR] ; Kiyānī Haft Lang, Kiyānūsh [SonstigeR] ; کيانى هفت لنگ, کيانوش [SonstigeR] ; Ṣāliḥīʹzādah, zahrā [HerausgeberIn] ; صالحى زاده, زهرا [SonstigeR]","Vaqār al-Dawlah, Sakīnah Sulṭān",,VerfasserIn,Chāp-i avval - چاپ اول,Persian,"Tihrān : Nashr-i Aṭrāf ; تهران : نشر اطراف،, 1398 [2019]",197 pages : illustrations ; 17 cm,,Safarnāmahʹhā-yi qadīmī-i zanān ; 3 سفرنامه هاى قدىمى زنان ؛ ; 3,"Includes indexes Bar asās-i kitāb-i ""Rūznāmah-ʾi safar-i ʿAtabāt va Makkah."" بر اساس کتاب ""روزنامۀ سفر عتبات و مكه."" Abweichender Titel: Rūznāmah-ʾi safar-i ʿAtabāt va Makkah Abweichender Titel: روزنامۀ سفر عتبات و مکه In Persian",978-622-6194-01-3 paperback 622-6194-01-4 paperback,,ALS1,= 2024 A 3718,"*Vaqār al-Dawlah, Sakīnah Sulṭān -- Diaries ; Muslim pilgrims and pilgrimages -- Saudi Arabia -- Mecca -- Diaries ; Mecca (Saudi Arabia) -- Description and travel ; Iran -- History -- Qajar dynasty, 1794-1925 *Autobiography *Vaqār al-Dawlah, Sakīnah Sulṭān ; 1794-1925 ; Muslim pilgrims and pilgrimages ; Qajar Dynasty (Iran) ; Travel ; Iran - Histoire - 1794-1925 (Dynastie des Qādjārs) ; Iran ; Saudi Arabia - Mecca ; autobiographies (literary works) ; Autobiographies ; Diaries ; History ; Autobiographies ; Autobiographies",Library of Congress Classification: DS248.M4,,,,,,,,,,,,,,,
"Rustam-nāma-i naqqālān / muqaddima wa taṣḥīḥ duktur Muḥammad Ǧaʿfar Yaḥaqqī, duktur Fāṭima Māh-wān رستم‌نامۀ نقالان / مقدمه و تصحىح دکتر محمد جعفر ىاحقى, دکتر فاطمه ماه وان",,"Yāḥaqqī, Muḥammad Ǧaʿfar *1947-* [ZusammenstellendeR] ; یاحقی, محمد جعفر *1947-* [ZusammenstellendeR] ; Māh-wān, Fātima [ZusammenstellendeR] ; ماه‌وان, فاطمه [SonstigeR]","Yāḥaqqī, Muḥammad Ǧaʿfar",,ZusammenstellendeR,Chāp-i 1 - چاپ 1,Persian,"Tihrān : Nashr-i Suḫan ; تهران : نشر سخن, 1398 h.š. [2019]",359 Seiten : illustrations ; 24 cm,Quelle,,Includes bibliographical references and index Abweichender Titel: Rustamʹnāmah Abweichender Titel: رستم‌نامه,978-964-372-956-1 hardcover 964-372-956-7 hardcover,18.69 Iranische Sprachen und Literaturen 17.87 Besondere Literaturkategorien | KJQ 657 Volksdichtung {Persisch} KJQ 546 Volksliteratur. Orale Literatur {Neupersisch},ALS1 | FMAG,KJQ 657:z = 2024 A 5007 | 2024 A 3695,"*Rostam<Fiktive Gestalt> *Firdawsī -- Characters -- Rustam ; Firdawsī -- Shāhnāmah -- History and criticism ; Rustam -- (Legendary character) ; Rustam -- (Legendary character) -- In literature *Rustam - (Legendary character) ; Firdawsī ; Shāhnāmah (Firdawsī) ; Literature ; Criticism, interpretation, etc ; Literary criticism ; Literary criticism ; Critiques littéraires",Library of Congress Classification: PK6450.9,,,,,,,,,,,,,,,
Dawwār / Maysam ʿAlī'pūr,,"ʿAlīpūr, Maiṯam [VerfasserIn]","ʿAlīpūr, Maiṯam",,VerfasserIn,Cāp-i 1,Persian,"Landan : Našr-i Mihrī  [2019], 1398 h.š. [2019]",490 Seite ; 21 cm,,Mehri publication ; novel 34,"Novel English title taken from colophon Abweichender Titel: Davvar (Giddy) In Persian, with additional colophon in English In arabischer Schrift, persisch",978-1-9161603-1-6 paperback 1-9161603-1-X,18.69 Iranische Sprachen und Literaturen 17.97 Texte eines einzelnen Autors | KJQ 667 Roman {Persisch},ALS1,2022 A 3470,*Persian fiction -- 21st century,Library of Congress Classification: PK6561.A457,,,,,,,,,,,,,,,
Āyīn-i Yārsān dar asāṭīr-i aqvām-i Kurd / bih kūshish-i Manṣūr Yāqūtī ‏آيين يارسان در اساطير اقوام کرد /‏ / ‏به کوشش منصور ياقوتى,,"Yāqūtī, Manṣūr *1949-2024* [VerfasserIn] ; یاقوتی, منصور *1949-2024* [VerfasserIn]",Mansour Yaquti,Q6560264,VerfasserIn,Chāp-i 1 - ‏چاپ 1,"Persian, Arabic","Tihrān : Nashr-i Dāt [1398 [2019 or 2020]] ; ‏تهران :‏ : ‏نشر دات،‏ [‏1398 [2019 or 2020]], 1398 [2019 or 2020]",210 pages ; 22 cm,,,"Hier auch später erschienene, unveränderte Nachdrucke Includes bibliographical references (pages 209-210) In Persian; includes citations in Arabic | 2. Auflage von 2022",978-964-8898-65-1,KJQ 551 Religiöse Literatur {Neupersisch} CBH 000 Iranische Religionen,ALS1,KJQ 551:m = 2024 A 4974,*Ahl-i Ḥaqq -- Doctrines ; Kurds -- Religion ; Kurds -- Mythology,Library of Congress Classification: BP195.A4,,,Ahl-i Haqq. ; Kurds--Mythology,,,,,,,,,,,,
Sih rūz bi āḫir-i daryā : safarnāma-i šāhzāda ḫānum-i qāǧārī / bi kūšiš-i Nāzīlā Nāẓimī ‏سه روز به آخر دريا‏ : ‏سفرنامه شاهزاده خانم قاجارى‏ / ‏به کوشش نازيلا ناظمى,,"Nāẓimī, Nāzīlā *1971-* [HerausgeberIn] ; ناظمی, نازیلا *1971-* [HerausgeberIn] ; Turābī, Zuhra *1990-* [HerausgeberIn] ; ترابى, زهره *1990-* [HerausgeberIn]","Nāẓimī, Nāzīlā",,HerausgeberIn,Chāp-i Čahārum - ‏چاپ چهارم,Persian,"Tihrān : Našr-i Aṭrāf ; ‏تهران‏ : ‏نشر اطراف‏, 1398h.š [2019/2020]","150 Seiten : Illustrationen, Faksimiles ; 17 cm",Reisebericht,Safarnāmahā-i qadīmī-i zanān ; 2,"Includes indexes Hier auch später erschienene, unveränderte Nachdrucke In arabischer Schrift, persisch | 11. Auflage von 2023",978-622-6194-11-2,18.69 Iranische Sprachen und Literaturen 17.87 Besondere Literaturkategorien | KJQ 679 Reise {Persisch} KJQ 573 Frauenliteratur {Neupersisch},ALS1,KJQ 679:z = 2024 A 3714,*Persisch / Frauenliteratur / Kadscharen<Dynastie : 1794-1925> / Haddsch,,,,Mecca (Saudi Arabia) -- Description and travel ; Khānum Qājārī -- Travel,,,,,,,,,,,,
Kājāruchōki iran no nōgyō yōsui kanren bunsho / Hāshemu Rajabuzāde hencho ; Eura Kinji kyōryoku ; Morimoto Kazuo Eighty-eight documents on irrigation from Qajar Iran / Hashem Rajabzadeh ; with the cooperation of Kinji Eura ; and a preface by Kazuo Morimoto 88 sanad-i āb-i kishāvarzī dawrah-i Qājār,,"Raǧabzāda, Hāšim *1941-* [VerfasserIn] [HerausgeberIn] ; Eura, Kinji *1970-* [Sonstige Person, Familie und Körperschaft] ; Morimoto, Kazuo *1970-* [VerfasserIn eines Vorworts]",Hashem Rajabzadeh,Q10856741,,,Persian,"[2019.6], 2019","1, 210p ; 26cm",,"Tōyōgaku Kenkyū Jōhō Sentā sōkan. - Tōkyō : [Verlag nicht ermittelbar], 2002- ; ZDB-ID: 2585740-X ; 29 Ganǧīna-i asnād-i fārsī. - Tokyo : Research and Information Center for Asian Studies, 1997- ; ZDB-ID: 2565262-X ; 6","""88"" in added t.p. title is in Persian numerals",978-4-903235-50-9,18.69 Iranische Sprachen und Literaturen | KJB 439,,2022 B 659,*Persisch / Iran / Bewässerung,NDC10: 227.2,,,,,,,,,,,,,,,
"Amīrān-i marzdār wa marzhā-i ḫāwarī-i Īrān / niwīsanda: Pīrūz Muǧtahidzāda, Mutarǧim: Ḥamīd Riḍā Malik Muḥammadī Nūrī امیران مرزدار و مرزهای خاوری ایران / نویسنده: پیروز مجتهدزاده , مترجم: حمیدرضا ملک‌محمدی نوری",,"Mojtahed-Zadeh, Pirouz *1946-* ; مجتهدزاده, پیروز *1946-* ; Malik Muḥammadī Nūrī, Ḥamīd Riḍā [ÜbersetzerIn] ; حمیدرضا, ملک‌محمدی نوری [Übersetzer","Mojtahed-Zadeh, Pirouz",,,Čāp-i 1,Persian,"Tihrān : Šīrāza, 1398h.š. [2019]",564 Seiten : Kt,,"Maǧmūʿa-i tārīẖ-i muʿāsir-i Īrān. - Tihrān : Šīrāza, 1376h.š. [1997]- ; ZDB-ID: 2638995-2 ; 20","Ersch.-Jahr 1398 h.š. = 2019 In arabischer Schrift, persisch",978-622-6843-40-9,15.76 Vorderer und mittlerer Orient Geschichte | PUH 256 Regionalgeschichte {Iran 1794-1925} PUH 262 Politik {Iran 20./21. Jh.} PUH 252 Politik {Iran 1794-1925} KJQ 549 Politische Literatur {Neupersisch} PUI 502 Politik {Afghanistan 1863-1919},ALS1,PUH 256:m = 2024 A 4985,*Afghanistan / Iran / Pakistan / Staatsgrenze / Kadscharen<Dynastie : 1794-1925> / Geschichte,,,,,,,,,,,,,,,,
Ḫūn-ḫūrda yā surḫ-i siyāh / Mahdī Yazdānī Ḫurram,,"Yazdānī Ḫurram, Mahdī *1979-* [VerfasserIn]",Mahdī Yazdānī Ḫurram,Q137109471,VerfasserIn,Čāp-i 17,Persian,"Tihrān : Našr-i Čašma, 1397 h.š. [2018]",271 Seiten : Illustrationen ; 22 cm,Quelle,"Dāstān-i fārsī. - Tihrān : Našr-i Čašma, 1389h.š [2010] ; ZDB-ID: 2653647-X ; 356","Hier auch später erschienene, unveränderte Nachdrucke Ersch.-Jahr 1397 h.š. = 2018 In arabischer Schrift, persisch",978-622-01-0078-2,18.69 Iranische Sprachen und Literaturen 17.97 Texte eines einzelnen Autors 17.81 Epik Prosa | KJQ 667 Roman {Persisch},ALS1,KJQ 667 YzM:z = 2022 A 3447,,Library of Congress Classification: MLCSN 2019/60503,,,,,,,,,,,,,,,
Daftarča-i ḫāṭirāt-i šānzda zan-i īrānī : dar qalamrau-i zindagī-i rūzmarra / Nūšīn Aḥmadī Ḫurāsānī 16 diaries of 16 ordinary Iranian women,,"Aḥmadī Ḫurāsānī, Nūšīn *ca. 1969/70* [InterviewerIn]","Aḥmadī Ḫurāsānī, Nūšīn",,InterviewerIn,Čāp-i awwal,Persian,"Tihrān : Intišārāt-i Raušangarān wa Muṭālaʿāt-i Zanān [1397 [2018]], 1397h.š [2018/2019]",386 Seiten ; 22 cm,Tagebuch; Interview,,"Includes bibliographical references (pages [377]-378) and index Title on p. [4] of cover: 16 Diaries of 16 ordinary Iranian women In arabischer Schrift, persisch",978-964-194-069-2 964-194-069-4,18.69 Iranische Sprachen und Literaturen 17.87 Besondere Literaturkategorien | KJQ 669 Literatur einzelner Gruppen {Persisch} KJQ 665 Prosa der Moderne {Persisch},ALS1,KJQ 669:z = 2020 A 1725,"*Persisch / Frauenliteratur *Women authors, Iranian -- Interviews ; Women -- Iran -- Social conditions -- 20th century",Library of Congress Classification: HQ1735.2,,,,,,,,,,,,,,,
Fihrist-i nusḫahā-i ḫaṭṭī-i Kitābḫāna-i buzurg-i Haḍrat-i Āyatallāh al-ʿUẓmā-i Marʿašī Naǧafī : ganǧīna-i ǧahānī-i maḫṭūṭāt-i Islāmī : Īrān - Qum / nigāriš-i Muḥammad Ḥusain Amīnī ; zīr naẓar-i Maḥmūd Marʿašī Naǧafī فهرست نسخه‌هاى خطى کتابخانه بزرگ حضرت ايت الله العظمى مرعشى نجفى : گنجينۀ جهانى مخطوطات اسلامى : ایران - قم / [نگارش] محمد حسین امینی ; [زیر نظر] محمود مرعشی نجفی,Ǧild 49: 19301-19700 / az Maḥmūd Marʿašī Naǧafī ; bā hamkārī-i Muḥammad Ḥusain Amīnī جلد 49: ۱۹۳۰۱ - ۱۹۷۰۰ / از سید محمود مرعشی نجفی ; با همکاری محمد حسین امینی,"Marʿašī, Maḥmūd *1941-* [VerfasserIn] ; 1941-* [VerfasserIn] Amīnī, Muḥammad Ḥusain *1967-* [MitwirkendeR] ; امینی, محمد حسین *1967-* [MitwirkendeR]","Marʿašī, Maḥmūd",,VerfasserIn,Čāp-i awwal - چاپ اول,"Persian, Arabic","Qum : Kitābḫāna-i Buzurg-i Ḥaḍrat Āyatallāh al-ʿUẓmā Marʿašī Naǧafī wa ganǧīna-i ǧahānī maḫṭūṭāt-i Islāmī ; قم : کتابخانه بزرگ حضرت ایت الله العظمی مرعشی نجفی و گنجینه جهانی مخطوطات اسلامی, 1397 h.š. = 1440 h.q. = 2018",819 Seiten : Faksimiles (schwarz-weiß),Katalog,,"In arabischer Schrift; Text persisch, arabisch",978-600-161-166-7,KJQ 200 Allgemeines {Neupersisch} APH 700 Orientalische Handschriften {Kataloge} APC 600 Asien {Handschriftenkataloge},HG-LS,APA 800 IRN QOM = FA 12716:49,,,,,,Kitābẖāna-i ʿUmūmī-i Ḥaḍrat-i Āyatallāh al-ʿUẓmā Naǧafī Marʿašī  <Kum> [Herausgebendes Organ] Kitābẖāna-i ʿUmūmī-i Ḥaḍrat-i Āyatallāh al-ʿUẓmā Naǧafī Marʿašī  <Kum> [Herausgebendes Organ],Katalog der Handschriften der Wissenschaftlichen Allgemeinbibliothek in Qum/Iran,,,,,,,,,,
Fihrist-i nusḫahā-i ḫaṭṭī-i Kitābḫāna-i buzurg-i Haḍrat-i Āyatallāh al-ʿUẓmā-i Marʿašī Naǧafī : ganǧīna-i ǧahānī-i maḫṭūṭāt-i Islāmī : Īrān - Qum / nigāriš-i Mīr Maḥmūd Mūsawī ; zīr naẓar-i Maḥmūd Marʿašī Naǧafī فهرست نسخه‌هاى خطى کتابخانه بزرگ حضرت ايت الله العظمى مرعشى نجفى : گنجينۀ جهانى مخطوطات اسلامى : ایران - قم / [نگارش] میرمحمود موسوی ; [زیر نظر] محمود مرعشی نجفی,Ǧild 48: 18901-19300 / az Maḥmūd Marʿašī Naǧafī ; bā hamkārī-i Mīr Maḥmūd Mūsawī جلد 48: ۱۸۹۰۱ - ۱۹۳۰۰ / از سید محمود مرعشی نجفی; با همکاری میرمحمود موسوی,"Marʿašī, Maḥmūd *1941-* [VerfasserIn] ; 1941-* [VerfasserIn] Mūsawī, Mīr Maḥmūd *1965-* [MitwirkendeR] ; 1965-* [MitwirkendeR]","Marʿašī, Maḥmūd",,VerfasserIn,Čāp-i awwal - چاپ اول,"Persian, Arabic","Qum : Kitābḫāna-i Buzurg-i Ḥaḍrat Āyatallāh al-ʿUẓmā Marʿašī Naǧafī ; ganǧīna-i ǧahānī maḫṭūṭāt-i Islāmī ; قم : کتابخانه بزرگ حضرت ایت الله العظمی مرعشی نجفی ; گنجینه جهانی مخطوطات اسلامی, 1397 h.š. = 1440 h.q. = 2018",845 Seiten : Faksimiles (schwarz-weiß),Katalog,,"In arabischer Schrift; Text persisch, arabisch",978-600-161-165-0,KJQ 200 Allgemeines {Neupersisch} APH 700 Orientalische Handschriften {Kataloge} APC 600 Asien {Handschriftenkataloge},HG-LS,APA 800 IRN QOM = FA 12716:48,,,,,,Kitābẖāna-i ʿUmūmī-i Ḥaḍrat-i Āyatallāh al-ʿUẓmā Naǧafī Marʿašī  <Kum> [Herausgebendes Organ] Kitābẖāna-i ʿUmūmī-i Ḥaḍrat-i Āyatallāh al-ʿUẓmā Naǧafī Marʿašī  <Kum> [Herausgebendes Organ],Katalog der Handschriften der Wissenschaftlichen Allgemeinbibliothek in Qum/Iran,,,,,,,,,,
Dastūr al-molūk : a complete edition of the manual of Safavid administration / Mīrzā Muḥammad Rafīʿ Anṣārī ; edited by Nobuaki Kondo Dastūr al-mulūk : matn-i kāmil bar asās-i nusḫa-i Haidarābād-i Hind,,"Ǧābirī Anṣārī, Mīrzā Rafīʿā *ca. 17Jh-18Jh* [VerfasserIn] Kondō, Nobuaki *1966-* [HerausgeberIn]","Ǧābirī Anṣārī, Mīrzā Rafīʿā",,VerfasserIn,,"Persian, English","Tokyo : Research Institute for Languages and Cultures of Asia and Africa (ILCAA) [2018], 2018","72, 272, [11] Seiten ; 26 cm",Quelle,"The Research and Educational Project for Middle East and Islamic Studies series / Ajia Afurika Gengo Bunka Kenkyūsho  <Tokio>. - Tokyo : Research Inst. for Languages and Cultures of Asia and Africa, 20XX ; No. 24 Studia culturae Islamicae. - Tokyo : Inst., 1976- ; ZDB-ID: 759056-8 ; No. 108","Includes bibliographical references (p. 68-72) and indexes. - ""      ""--Added t.p",978-4-86337-284-9,18.69 Iranische Sprachen und Literaturen 17.97 Texte eines einzelnen Autors | KJQ 648 Verwaltung und Wirtschaft {Persisch},ALS1,KJQ 648 GAns:z = 2019 B 419,"*Iran / Safawiden<Dynastie : 1501-1722> / Verwaltung *Iran -- History -- Ṣafavid dynasty, 1501-1736",,,,,,,,,,,,,,,,
Sasanian Iran in the context of late antiquity : the Bahari lecture series at the University of Oxford / edited by Touraj Daryaee,,"Daryāyī, Tūraǧ *1967-* [HerausgeberIn]","Daryāyī, Tūraǧ",,HerausgeberIn,,Persian,"Irvine, CA : UCI Jordan Center for Persian Studies, 2018","162 Seiten : Illustrationen, Diagramme",,"Ancient Iran series. - [Irvine, CA] : UCI Jordan Center for Persian Studies, 2016[?]- ; ZDB-ID: 2866324-X ; vol. 6",Literaturangaben,978-0-9994755-8-4,15.26 Alter Orient Nordafrika Alte Geschichte | PGD 700 205-651 {Alte Geschichte: Persien},ALS1,PGD 700:l = 2020 B 57,*Iran / Sassaniden,,,,,,,,,,,,,,,,
ʿAhd-i Ḥusām : (safarnāmah-yi Luristān wa ḫūzistān) sāl-i 1245 qamarī / taʾlīf-i Maḥmūd Mīrzā Qāǧār ; bi kūšiš-i Īraǧ Afšār عهد حسام : (سفرنامۀ لرستان و خوزستان) سال ١٢٤٥ قمرى / تأليف محمود ميرزا قاجار ; به کوشش ايرج افشار ʿAhd-i Ḥusām : (a travelogue of Luristan and Khuzistan) 1245 A.H/1829 / by Maḥmūd Mīrzā Qājār (1214 A.H/1799 - ca. 1271 A.H/1855),,"Qāǧār, Maḥmūd Mīrzā *1799-1855* [VerfasserIn] ; قاجار, محمود میرزا *1799-1855* [VerfasserIn] Afšār, Īraǧ *1925-2011* [SonstigeR] ; افشار, ايرج [SonstigeR]","Qāǧār, Maḥmūd Mīrzā",,VerfasserIn,Čāp 2 - چاپ 2,Persian,"Tihrān : Mīrāṯ-i Maktūb ; تهران : ميراث مکتوب, 1397 h.š. [2018]","17, 221, 7 Seiten : Faksimilies ; 24 cm",Quelle; Reisebericht,"Mīrāṯ-i maktūb. - Berlin : Markaz-i Pažūhišī-i Mīrāṯ-i Maktūb, 1996- ; ZDB-ID: 2450131-1 ; 214 Mīrāṯ-i maktūb. Tārīḫ wa ǧuġrāfiyā. - Tihrān : Mīrāṯ-i Maktūb, 1997- ; ZDB-ID: 2450815-9 ; 40","Includes bibliographical references and indexes Einführung in englisch, Text in persisch. - in arabischer Schrift, persisch",978-600-203-010-8,18.69 Iranische Sprachen und Literaturen 17.97 Texte eines einzelnen Autors 15.76 Vorderer und mittlerer Orient Geschichte | KJQ 679 Reise {Persisch} PUH 256 Regionalgeschichte {Iran 1794-1925},ALS1,KJQ 679 MQQ:z = 2018 A 2160,*Lorestan *Maḥmud Mīrzā Qājār -- 1799- ; Luristān (Iran) -- Description and travel ; Khūzistān (Iran) -- Description and travel,Library of Congress Classification: DS324.L8,,,,Markaz-i Pažūhišī-i Mīrāṯ-i Maktūb [SonstigeR] مرکز پژوهشی میراث مکتوب [SonstigeR],,,,,,,,<a href='http://catdir.loc.gov/catdir/toc/fy12pdf03/ 2011327359.html' target=_blank>Table of contents</a>,,,
Az Landan tā Iṣfahān از لندن تا اصفهان,,"Pīrzādah, Nāʾīnī Muḥammad ʿAlī, -1903 or 1904 [VerfasserIn] ; پيرزاده نائينى, محمد على,, -1903 or 1904 [VerfasserIn] Farmānfarmāʾīyān, Ḥāfiẓ *1927-2015* [HerausgeberIn] ; فرمانفرمائیان, حافظ *1927-2015* [HerausgeberIn]","Pīrzādah, Nāʾīnī Muḥammad ʿAlī",,VerfasserIn,,Persian,"Tihrān : Intišārāt Asāṭīr ; تهران : انتشارات اساطیر, 1396 [2017]","20, 494 Seiten, 7 ungezählte Blätter : Illustrationen ; 24 cm",,Intišārāt Asāṭīr ; 592 انتشارات اساطیر ; ۵۹۲ University of Tehran Publications ; No. 961 Intišārāt-i Dānišgāh-i Tihrān ; 961 انتشارات دانشگاه تهران ; ۹۶۱,In Persian,978-964-331-494-1 leatherbound,,ALS1,= 2024 A 3725:2,,,Safarnāmah-ʾi Ḥāǧī Pīrzādah / bi-kūšiš-i Ḥāfiẓ Farmānfarmāʾiyān ; Ǧild 2 سفرنامۀ حاجى پيرزاده / بکوشش حافظ فرمانفرمائيان ; جلد دّوم,,,,,,,,,,,,,,
Az Tihrān tā Landan از تهران تا لندن,,"Pīrzādah, Nāʾīnī Muḥammad ʿAlī, -1903 or 1904 [VerfasserIn] ; پيرزاده نائينى, محمد على,, -1903 or 1904 [VerfasserIn] Farmānfarmāʾīyān, Ḥāfiẓ *1927-2015* [HerausgeberIn] ; فرمانفرمائیان, حافظ *1927-2015* [HerausgeberIn]","Pīrzādah, Nāʾīnī Muḥammad ʿAlī",,VerfasserIn,,Persian,"Tihrān : Intišārāt Asāṭīr ; تهران : انتشارات اساطیر, 1396 [2017]","62, 321, 11 Seiten, 4 ungezählte Blätter : Illustrationen ; 24 cm",,Intišārāt Asāṭīr ; 591 انتشارات اساطیر ; ۵۹۱ University of Tehran Publications ; No. 849 Intišārāt-i Dānišgāh-i Tihrān ; 849 انتشارات دانشگاه تهران ; ۸۴۹,In Persian with an introduction in English,978-964-331-493-4 leatherbound,,ALS1,= 2024 A 3725:1,,,Safarnāmah-ʾi Ḥāǧī Pīrzādah / bi-kūšiš-i Ḥāfiẓ Farmānfarmāʾiyān ; Ǧild 1 سفرنامۀ حاجى پيرزاده / بکوشش حافظ فرمانفرمائيان ; جلد اّول,,,,,,,,,,,,,,
ʿImārat-i nīma-i-šab : maǧmūʿa-i dāstān / Sipīda Siyāwašī ; wīrāstār ʿAlī Ḥasan-Ābādī ‏عمارت نيمه‌شب‏ : ‏مجموعه داستان‏ / ‏سپيده  سياوشى ؛ وراستار على حسن‌آبادى,,"Siyāwašī, Sipīda *1986-* [VerfasserIn] ; ‏سياوشى, سپيده [VerfasserIn] Ḥasan-Ābādī, ʿAlī [HerausgeberIn] ; حسن‌آبادى, على [HerausgeberIn]","Siyāwašī, Sipīda",,VerfasserIn,,Persian,"Tihrān : Našr-i Čašma ; ‏تهران‏ : ‏نشر چشمه‏, 1395 h. š. [2017]",90 Seiten ; 22 cm,Quelle,"Dāstān-i fārsī. - Tihrān : Našr-i Čašma, 1389h.š [2010] ; ZDB-ID: 2653647-X ; 284","Short stories Ersch.-Jahr 1395 h.š. = 2017 In arabischer Schrift, persisch",978-600-229-448-7,18.69 Iranische Sprachen und Literaturen 17.97 Texte eines einzelnen Autors 17.81 Epik Prosa | KJQ 668 Kurzgeschichte {Persisch},ALS1,KJQ 668 SiS:z = 2023 A 3352,,Library of Congress Classification: MLCSN 2017/60178,,,,,,,,,,,,,,,
Bānwān marṯīya-sarā wa šāʿirahā-i aiyanī wa ʿirfānī Aḏarbāiǧān / Mansura Waṯiq,,"Waṯīq, Manṣūra [VerfasserIn]","Waṯīq, Manṣūra",,VerfasserIn,,Persian,1396 h.š. [= 2017],308 Seiten : Illustrationen,Quelle,,"Women poets, Iranian-Azarbayjan-biography Ersch.-Jahr 1396 h.š. = 2017 In arab. Schr., pers.",978-600-313-502-4,18.69 Iranische Sprachen und Literaturen 17.98 Textsammlungen | KJQ 655 Dichtung einzelner Regionen {Persisch} KJQ 669 Literatur einzelner Gruppen {Persisch} KJQ 658 Dichtung der Moderne {Persisch},ALS1,KJQ 655:z = 2020 A 1723,*Schriftstellerin / Lyrik / Iran / Aserbaidschan <Iran> / Islam,,,,,,,,,,,,,,,,
"Fiqh-i taṭbīqī-i istidlālī : diya wa qiṣāṣ-i zanān (darsnāma) / taʾlīf: Ibrāhīm Šafīʿī Sarwistānī ; bi ḍamīma-i ""darāmadī bar fiqh-i taṭbīqī"", az̆ar-i Riḍā Islāmī The comparative and inferntial Islamic law (fiqh) : women's compensation (diyya) and retaliation (qisas)",,"Šafīʿī Sarwistānī, Ibrāhīm *ca. 1964/65-* [VerfasserIn]","Šafīʿī Sarwistānī, Ibrāhīm",,VerfasserIn,Čāp-i awwal,"Persian, Arabic","Tihrān : Intišārāt-i Maǧd, 1396 h.š. [2017 or 2018]",230 pages ; 24 cm,,Maǧd ; 1137/2721,"""Majma-i Ilmī va Farhangī-i Majd"" Includes bibliographical references (pages 2017-219) Title on page 4 of cover: Comparative and inferntial islamic law (figh), : women's compensation (diyya) and tetaliation (qisas) Corrected title: Comparative and inferential Islamic law (fiqh) Ersch.-Jahr 1396 h.š. = 2017 od. 2018 In Persian; includes Arabic citations",978-600-193-820-7,"86.10 Recht einzelner Länder, Gebiete und Völker 11.84 Islam: Sonstiges | NTE 100 Iran {Recht einzelner Länder} ND 350 Islamisches Recht {Rechtsvergleichung} CBF 955 Stellung der Frau im Islam LEG 310 Frauendiskriminierung {Soziologie der Frau} LEG 270 Pornographie. Sexualität und Gewalt. Missbrauch {Soziologie}",ALS1,NTE 100 050:m = 2020 A 1721,*Iran / Privatrecht / Fikh / Diya *Sex discrimination in employment -- Law and legislation -- Iran ; Women -- Employment -- Law and legislation -- Iran ; Sex discrimination against women -- Law and legislation -- Iran ; Women (Islamic law) ; Muslim women -- Conduct of life,Library of Congress Classification: KMH1467.W65,,,,Maǧmaʿ-i ʿIlmī wa Farhangī-i Maǧd [Verlag],,,,,,,,,,,
Reflections on Persian grammar / by A. Soheili,,"Soheili, Abe [VerfasserIn]","Soheili, Abe",,VerfasserIn,,Persian,"Newcastle upon Tyne : Cambridge Scholars Publishing, 2017-",,,,,,18.69 Iranische Sprachen und Literaturen 17.15 Historische Linguistik 17.43 Zweitsprachenerwerb,,,"*Persisch / Grammatik / Geschichte / Lehre *Persian language -- Grammar, Historical ; Persian language -- Grammar -- Study and teaching -- History *History",Library of Congress Classification: PK6231 Dewey Decimal Classification: 491.555;,Reflections on Persian grammar / by A. Soheili,,,,,,,,,,,,,,
Balāġat-i sāḫtārhā-i naḥwī dar Tārīḫ-i Baihaqī / Lailā Saiyid Qāsim ‏بلاغت ساختار‌هاى نحوى در تاريخ بيهقى / ‏ليلا سيد قاسم The rhetoric of syntax structures in Tarikhe Beyhaghi / Leila Seyedghasem,,"Saiyid Qāsim, Lailā, 1981 or 1982- [VerfasserIn] ; سید قاسم, ليلا [GeistigeR SchöpferIn]","Saiyid Qāsim, Lailā",,VerfasserIn,Čāp-i awwal - ‏چاپ اول,Persian,"Tihrān : Intišārāt-i Hirmis ; ‏تهران : ‏انتشارات هرمس, 1396h.š. [2017]","10, 391 Seiten ; 22 cm",,"Maǧmūʿa-i adab-i fikr - zabān wa adabiyāt. - Tihrān : Hirmis, 2000- ; ZDB-ID: 2395095-X ; 79","In arabischer Schrift, persisch",978-600-456-005-4,18.69 Iranische Sprachen und Literaturen 15.76 Vorderer und mittlerer Orient Geschichte,,,"*Baihaqī, Aḥmad Ibn-al-Ḥusain al- *994-1066*. Tārīḫ-i Baihaqī / Syntax / Sprachanalyse *Bayhaqī, Abū al-Faz̤l Muḥammad ibn Ḥusayn -- approximately 996-1077 -- Tārīkh-i Bayhaqī ; Persian prose literature -- 747-1500 -- History and criticism",Library of Congress Classification: DS288.7.B33,,,"Bayhaqī, Abū al-Faz̤l Muḥammad ibn Ḥusayn, approximately 996-1077. Tārīkh-i Bayhaqī ; Persian prose literature -- 747-1500 -- History and criticism",,,,,Tārīkh-i Bayhaqī . Selections,,,,,,,
Sunnat-i taṣḥīḥ-i matn dar Īrān pas az islām / Muǧtabā Muǧarrad ‏سنت تصحيح متن در ايران پس از اسلام / ‏مجتبى مجرد,,"Muǧarrad, Muǧtabā [VerfasserIn] ; ‏مجرد, مجتبى [VerfasserIn]","Muǧarrad, Muǧtabā",,VerfasserIn,Čāp-i awwal - ‏چاپ اول,Persian,"Tihrān : Intišārāt-i Hirmis ; ‏تهران : ‏انتشارات هرمس, 2017","10, 285 Seiten : Illustrationen (farbig) ; 22 cm",,"Maǧmūʿa-i adab-i fikr, zabān wa adabīyāt ; 80","Includes bibliographical references (pages 265-276) and index Hier auch später erschienene, unveränderte Nachdrucke In arabischer Schrift, persisch | Zweite Auflage, 2020 = 1399 h.š.",978-600-456-001-6 600-456-001-4,18.69 Iranische Sprachen und Literaturen 17.78 Textkritik Literaturwissenschaft,,,"*Persisch / Handschrift / Textkritik / Edition *Manuscripts, Persian -- Editing ; Persian language -- Criticism, Textual -- History ; Manuscripts, Persian -- Iran -- Editing -- History ; Persian literature -- Criticism, Textual ; Persian poetry -- Criticism, Textual",Library of Congress Classification: PN162,,,,,,,,,,,,,,,
"Davāzdah matn-i bāstānī / tadwīn, tarǧuma, tawḍīḥ wa tafsīr-i Bīžan Ġaibī ‏دوازده متن باستانى‏ / ‏تدوين، ترجمه، توضيح و تفسير بيژن غيبى Zwölf altertümliche Texte aus dem zoroastrischen Persien / Bijan Gheiby",,"Ġaibī, Bīžan *1954-* [HerausgeberIn] [ZusammenstellendeR] [ÜbersetzerIn] ; بیژن, غیبی *1954-* [HerausgeberIn] [ZusammenstellendeR] [ÜbersetzerIn]","Ġaibī, Bīžan",,HerausgeberIn,C̆āp-i 1 - ‏چاپ 1,Persian (Language of original: Pahlavi),"Tihrān : Intišārāt-i Duktur Maḥmūd Afšār ; Intišārāt-i Soḫan ; ‏تهران‏ : ‏انتشارات دکتر محمود افشار ; انتشارات سخن‏, 2017",375 Seiten ; 29 cm,Quelle,"Maǧmūʿa-i intišārāt-i adabī wa tārīḫī-i Mauqūfāt-i Duktur Maḥmūd Afšār Yazdī. - Tihrān : Bunyād-i Mauqūfāt-i Duktur Maḥmūd Afšār Yazdī, 1973- ; ZDB-ID: 2282916-7 ; 191 Ganǧīna-i kullīyāt wa maqālāt. - Tihrān : Bunyād-i Mauqūfāt-i Duktur Maḥmūd Afšār Yazdī, 2005- ; ZDB-ID: 2514119-3 ; 62","Includes bibliographical references Hier auch später eschienene, unveränderte Nachdrucke Zwölf altertümliche Texte aus dem zoroastrischen Persien Text in Pahlavi, Übersetzung in arabischer Schrift, persisch, mit lateinschriftlicher Transliteration | 2. Auflage 1397 h.š. = 2018",978-600-5942-59-0 600-5942-59-X,18.69 Iranische Sprachen und Literaturen | KJF 610 Textsammlungen {Pehlewi},ALS1,KJF 610:z = 2024 B 603,*Pahlavi literature -- Translations into Persian ; Pahlavi literature -- History and criticism,,,,,,,,,,,,,,,,
"Taḥqīqāt dar bayān-i aḥwāl-i mauǧūdāt / Šams ad-Dīn Muḥammad Gīlānī ""Mullā Šamsā"" تحقیقات در بیان احوال موجودات / شمس الدین محمد گیلانی ملا شمسا The investigations explicating the states of existents / Mulla Shamsa Gilani (d. 1064/1654); critical edition with annotations in Persian by Alireza Asghari ; English introduction by Sajjad Rizvi",,"Gīlānī, Šams-ad-Dīn Muḥammad Ibn-Niʿmatallāh *1574-1654* [VerfasserIn] ; گیلانی, شمس‌الدین محمد بن نعمت‌الله *1574-1654* [VerfasserIn] Asghari, Alireza [HerausgeberIn]","Gīlānī, Šams-ad-Dīn Muḥammad Ibn-Niʿmatallāh",,VerfasserIn,,Persian,"Costa Mesa, CA : Mazda Publishers, Inc, 2017","14, 277 Seiten",Quelle,"Bibliotheca Iranica. Iranshahr scientific and philosophical writings. - Costa Mesa, Calif. : Mazda Publ., 2014- ; ZDB-ID: 2816364-3 ; 4","1707 In persischer Schrift, teilweise in Englisch",978-1-56859-343-2  : alk. paper,18.69 Iranische Sprachen und Literaturen 17.97 Texte eines einzelnen Autors | KJQ 681 Philosophie {Persisch},ALS1,KJQ 681 SmsG:z = 2021 A 12498,*Ontology -- Philosophy -- Early works to 1800 ; Islamic philosophy -- Early works to 1800,Library of Congress Classification: B753.J553 Dewey Decimal Classification: 181/.5;,,,,,,,,Taḥqīqāt dar bayān-i aḥvāl-i mawjūdāt,,,,,©2017,,
Persian language and literature during Akbar's reign and the Safavid period / Azarmi Dukht Safawi,,"Safawi, Azarmi Dukht *1948-* [VerfasserIn]",Azarmi Dukht Safawi,Q133741624,,,Persian,2016,2 Bände,,,,,,ALS1,bestellt,,,Persian language and literature during Akbar's reign and the Safavid period / Azarmi Dukht Safawi,,,,,,,,,,,,,,
Persian writings : important sources oh history / Azarmi Dukht Safawi,,"Safawi, Azarmi Dukht *1948-* [VerfasserIn]",Azarmi Dukht Safawi,Q133741624,,,Persian,2016,2 Bände,,,,,,ALS1,bestellt,,,Persian writings : important sources oh history / Azarmi Dukht Safawi,,,,,,,,,,,,,,
Sabk-šināsī-i šiʿr-i Pārsī az Rūdakī tā Šāmlū / taʾlīf-i Muḥammad Ġulāmriḍāyī,,"Ġulāmriḍāyī, Muḥammad [VerfasserIn]","Ġulāmriḍāyī, Muḥammad",,VerfasserIn,Čāp-i panǧum,Persian,"Tihrān : Našr-i Ǧāmī, 1395 h.š. [2016]",296 pages ; 25 cm,Aufsatzsammlung,,"Includes bibliographical references (pages [283]-288) and index Ersch.-Jahr 1395 h.š. = 2016 In arab. Schr., pers.",,18.69 Iranische Sprachen und Literaturen 17.83 Lyrik 17.77 Stilistik Rhetorik Literaturwissenschaft | KJQ 532 Lyrik {Neupersisch} KJQ 516 Literarischer Stil {Neupersisch},ALS1,KJQ 532:f = 2021 A 3034,"*Persisch / Lyrik / Stilistik *Persian poetry -- History and criticism *Persian poetry ; Criticism, interpretation, etc",Library of Congress Classification: PK6416,,,,,,,,,*978-964-562065-1,,,,,,
Numūdhā-i farhangī wa iǧtimāʿī dar adabīyāt-i Fārsī / niwishtah-i Maḥmūd Rūḥ al-Amīnī,,"Rūḥ-al-Amīnī, Maḥmūd *1928-2011* [VerfasserIn]",Maḥmūd Rūḥ al-Amīnī,Q5960827,VerfasserIn,Čāp-i čahārum,Persian,"[Tihrān] : Intišārāt-i Āgāh, 1395 h.š. [2016]",280 pages : facsimiles ; 22 cm,,,"Includes bibliographical references and index Ersch.-Jahr 1395 h.š. = 2016 In arab. Schr., pers.",978-964-416-029-5 964-416-029-0,18.69 Iranische Sprachen und Literaturen 17.75 Literaturkritik | KJQ 523 Literatur und ihre geistigen und ideologischen Hintergründe {Neupersisch},ALS1,KJQ 523:m = 2021 A 3031,"*Iran / Gesellschaft / Einfluss / Literaturproduktion *Persian literature -- History and criticism ; Persian literature -- Social aspects -- Iran ; Iran -- Civilization *Civilization ; Persian literature ; Iran ; Criticism, interpretation, etc",Library of Congress Classification: PK6409,,,,,,,,,,,,,,,
"Ḏihn wa zabān-i Ḥāfiẓ : wīrāst-i siwwum, bā afzāyiš-i dahhā maqāla / Bahāʾ ad-Dīn Ḫurramšāhī",,"Ḫurramšāhī, Bahāʾ-ad-Dīn *1945-* [VerfasserIn]","Ḫurramšāhī, Bahāʾ-ad-Dīn",,VerfasserIn,"Wirast-i sewwum, čāp-i dahum",Persian,"[Tihrān] : Intishārāt-i Nāhīd [1395 [2016]], 1395 h.š. [2016]",707 pages ; 25 cm,,,"Hier auch später erschienene, unveränderte Nachdrucke Ersch.-Jahr 1395 h.š. = 2016 In arab. Schr., pers. | 11. Auflage [2020] = 1399 h.š.",978-964-6205-18-5 964-6205-18-6,18.69 Iranische Sprachen und Literaturen 17.83 Lyrik 17.75 Literaturkritik | KJQ 651 Diwane {Persisch} KJQ 532 Lyrik {Neupersisch} KJQ 512 Poetik. Ästhetik {Neupersisch},ALS1,KJQ 651 Haf:m = 2021 A 3030,"*Ḥāfiẓ *1315-1390* *Ḥāfiẓ -- active 14th century -- Criticism and interpretation ; Persian poetry -- 747-1500 -- History and criticism *Ḥāfiẓ ; Persian poetry ; Criticism, interpretation, etc",Dewey Decimal Classification: 891.551 H13ZK4z;,,,,,,,,,,,,,,Poems . Selections,
"Safīnah-ʼi kuhan-i rubāʻīyāt / taṣḥīḥ va taḥqīq-i Arḥām Murādī, Muḥammad Afshīn Vafāyī ‏سفينۀ کهن رباعيات /‏ / ‏تصحيح و تحقيق ارحام مرادى، محمد افشين وفايى",,"Murādī, Arḥām, 1985 or 1986- [HerausgeberIn] ; ‏مرادى، ارحام [SonstigeR] ; Vafāyī, Muḥammad Afshīn, 1980 or 1981- [HerausgeberIn] ; ‏وفايى، محمد افشين [SonstigeR]","Murādī, Arḥām, 1985 or 1986-",,HerausgeberIn,Chāp-i avval - ‏چاپ اول,Persian,"[Tihrān] : Intishārāt-i Sukhan [1395 [2016 or 2017]] ; ‏[تهران] :‏ : ‏انتشارات سخن،‏ [‏1395 [2016 or 2017]‬], 1395 [2016 or 2017]",384 pages : facsimiles ; 25 cm,,Ganjīnah-ʼi safīnahʹhā-yi kuhan-i Pārsī ‏گنجينۀ سفينه‌هاى کهن پارسى,Includes bibliographical references (pages 373-384) and indexes In Persian,978-964-372-791-8,,ALS1,= 2024 A 3717,"*Quatrains, Persian ; Persian poetry -- History and criticism ; Persian poetry -- Iran",Library of Congress Classification: PK6439.Q38,,,"Quatrains, Persian ; Persian poetry -- Iran ; Poets, Persian",,,,,,*964-372791-8,,,,,,
"Ǧāmiʿ at-tawārīḫ : (tārīḫ-i mubārak-i Ġāzānī) / taʾlīf-i Rašīd-ad-Dīn Faḍlallāh Hamadānī ; taṣḥīḥ wa taḥšīya-i Muḥammad Raušan, Muṣṭafā Mūsawī جامع التواریخ : (تاريخ مبارک غازانى) / تأليف رشيد الدين فضل الله همدانى ؛ تصحيح و تحشيه محمد روشن, مصطفی موسوی",Ǧild 2 جلد 2,"Rašīd-ad-Dīn Faḍlallāh *1247-1318* [VerfasserIn] ; رشید الدین فضل الله *1247-1318* [VerfasserIn] Raušan, Muḥammad *1934-* [HerausgeberIn] ; 1934-* [HerausgeberIn] ; Mūsawī, Muṣṭafā [HerausgeberIn] ; موسوى, مصطفى [HerausgeberIn]",Rashid-al-Din Hamadani,Q328782,VerfasserIn,Čāp-i 1 - چاپ 1,Persian,"Tihrān : Mīrāṯ-i Maktūb ; تهران : ميراث مکتوب, 2016","21 Seiten, Seiten 692-1373 : 24 cm",Quelle,"Mīrāṯ-i maktūb. Tārīḫ wa ǧuġrāfiyā. - Tihrān : Mīrāṯ-i Maktūb, 1997- ; ZDB-ID: 2450815-9 ; 286 Mīrāṯ-i maktūb. Tārīḫ wa ǧuġrāfiyā. - Tihrān : Mīrāṯ-i Maktūb, 1997- ; ZDB-ID: 2450815-9 ; 45","Ersch.-Jahr 1394 h.š. = 2016 In arabischer Schrift, persisch",978-600-203-109-9,KJQ 670 Weltgeschichte {Persisch} KJQ 674 Regionalgeschichte {Persisch},ALS1,KJQ 670 RDF:z = 2018 A 2164:2,*World history -- Early works to 1800 ; Mongols -- History,Library of Congress Classification: D17,,,,Markaz-i Pažūhišī-i Mīrāṯ-i Maktūb [HerausgeberIn] مرکز پژوهشى ميراث مکتوب [HerausgeberIn],,,,,,,,,,,
"Ǧāmiʿ at-tawārīḫ : (tārīḫ-i mubārak-i Ġāzānī) / taʾlīf-i Rašīd-ad-Dīn Faḍlallāh Hamadānī ; taṣḥīḥ wa taḥšīya-i Muḥammad Raušan, Muṣṭafā Mūsawī جامع التواریخ : (تاريخ مبارک غازانى) / تأليف رشيد الدين فضل الله همدانى ؛ تصحيح و تحشيه محمد روشن, مصطفی موسوی",Ǧild 1 جلد 1,"Rašīd-ad-Dīn Faḍlallāh *1247-1318* [VerfasserIn] ; رشید الدین فضل الله *1247-1318* [VerfasserIn] Raušan, Muḥammad *1934-* [HerausgeberIn] ; 1934-* [HerausgeberIn] ; Mūsawī, Muṣṭafā [HerausgeberIn] ; موسوى, مصطفى [HerausgeberIn]",Rashid-al-Din Hamadani,Q328782,VerfasserIn,Čāp 1 - چاپ 1,Persian,"Tihrān : Mīrāṯ-i Maktūb ; تهران : ميراث مکتوب, 2016","87, 691 Seiten ; 24 cm",Quelle,"Mīrāṯ-i maktūb. Tārīḫ wa ǧuġrāfiyā. - Tihrān : Mīrāṯ-i Maktūb, 1997- ; ZDB-ID: 2450815-9 ; 286 Mīrāṯ-i maktūb. Tārīḫ wa ǧuġrāfiyā. - Tihrān : Mīrāṯ-i Maktūb, 1997- ; ZDB-ID: 2450815-9 ; 45","Ersch.-Jahr 1394 h.š. = 2016 In arabischer Schrift, persisch",978-600-203-109-9,KJQ 674 Regionalgeschichte {Persisch} KJQ 670 Weltgeschichte {Persisch},ALS1,KJQ 670 RDF:z = 2018 A 2164:1,*Iran / Mongolen *World history -- Early works to 1800 ; Mongols -- History,Library of Congress Classification: D17,,,,Markaz-i Pažūhišī-i Mīrāṯ-i Maktūb [HerausgeberIn] مرکز پژوهشى ميراث مکتوب [HerausgeberIn],,,,,,,,,,,
Majmaʿ al-afkār / dānišmand-i nāšinās az sadah-ʾi 12 H/18 M ; taṣḥīḥ va tanqīḥ-i Candar Šaikhar Majma'-ul afkar / by an anonymous writer of 12 A.H./18 A.D. ; edited and annotated by Chander Shekhar,,"Shekhar, Chander *1958-* [HerausgeberIn]",Chander Shekhar,Q60062855,HerausgeberIn,,Persian (Language of original: English),"Naʾī Dihlī : Naišnal Mišan fār Menuskripṭs ; Dihlī : Dillī Kitāb Ghar, 2016-",25 cm,Anthologie,Prakāšikā sīrīz ; nambar 27,Includes bibliographical references and index Mit zusätzlicher englischer Titelseite In Persian with English introduction,978-93-80829-02-9 978-93-80829-42-5 93-80829-42-6,,,,*Indien / Mogulreich / Höfische Kultur / Persisch / Literatur *Persian language -- Style ; Persian language -- Rhetoric ; Persian prose literature ; Persian language -- Rhetoric ; Persian language -- Style ; Persian prose literature,,Majmaʿ al-afkār / dānišmand-i nāšinās az sadah-ʾi 12 H/18 M ; taṣḥīḥ va tanqīḥ-i Candar Šaikhar Majma'-ul afkar / by an anonymous writer of 12 A.H./18 A.D. ; edited and annotated by Chander Shekhar,,,National Mission for Manuscripts [Herausgebendes Organ],,,,,,,,,,,
Dāstān-i kūtāh dar Īrān / Ḥusayn Pāyandah,2,"Pāyandah, Ḥusayn, 1962 or 1963- [VerfasserIn]",Ḥusayn Pāyandah,Q5959752,VerfasserIn,,Persian,"Tihrān : Nīlūfar, 2016",,,,,978-964-448-446-9,KJQ 537 Novelle. Erzählung. Kurzgeschichte {Neupersisch},ALS1,KJQ 537:k = 2017 A 482:2,,,,,,,,,,,,,,,,,
Dāstān-i kūtāh dar Īrān / Ḥusayn Pāyandah,1,"Pāyandah, Ḥusayn, 1962 or 1963- [VerfasserIn]",Ḥusayn Pāyandah,Q5959752,VerfasserIn,Chāp-i 1,Persian,"Tihrān : Nīlūfar, 2016",22 cm,,,,978-964-448-445-2,KJQ 537 Novelle. Erzählung. Kurzgeschichte {Neupersisch},ALS1,KJQ 537:k = 2017 A 482:1,,,,,,,,,,,,,,,,,
"Āḫirīn sangar-i āzādī : maǧmūʿa maqālāt-i Mīr Ǧaʿfar Pīšawarī dar rūznāma-i Ḥaqīqat, urgān-i Ittiḥādīya-i ʿUmūmī-i Kārgarān-i Īrān 1300-1301 / bi kūšiš-i Raḥīm Raʾīsnīyā آخرین سنگر آزادی : مجموعه مقالات میرجعفر پیشه‌وری در روزنامه حقیقت، ارگان اتحادیه عمومی کارگران ایران ۱۳۰۰ - ۱۳۰۱ / به کوشش رحیم رئیس‌نیا",,"Pišiwari, Mir Ǧaʿfar *1893-1947* [VerfasserIn] ; پيشه وري, مير جعفر *1893-1947* [VerfasserIn] Raʾīsnīyā, Raḥīm *1940-* [HerausgeberIn] ; 1940-* [HerausgeberIn]","Pišiwari, Mir Ǧaʿfar",,VerfasserIn,Čāp-i awwal - چاپ اول,Persian,"Tihrān : Šīrāza ; تهران : شيرازه, 1395h.š [2016/2017]","8, 507 Seiten ; 22 cm",,"Maǧmūʿa-i tārīẖ-i muʿāsir-i Īrān. - Tihrān : Šīrāza, 1376h.š. [1997]- ; ZDB-ID: 2638995-2 ; 10 مجموعۀ تاريخ معاصر ايران ; ۱۰","Includes bibliographical references and index Hier auch später erschienene, unveränderte Nachdrucke In arabischer Schrift, persisch | Zweite Auflage, 1399 h.š. = 2020",978-600-96482-2-1 paperback 600-96482-2-X paperback,15.76 Vorderer und mittlerer Orient Geschichte 05.33 Pressewesen | KJQ 549 Politische Literatur {Neupersisch},ALS1,KJQ 549:f = 2024 A 4969,"*Pīšawarī, Ǧaʿfar *1893-1947* / Kadscharen<Dynastie : 1794-1925> / Arbeiter / Iran / Politik / Presse / Geschichte *Ittiḥādīyah-ʾi ʿUmūmī-i Kārgarān-i Īrān ; Iran -- Politics and government -- 20th century ; Iran -- History -- Jangalī movement, 1914-1921 ; Iran -- History -- Qajar dynasty, 1794-1925",Library of Congress Classification: DS315,,,,,,,,,,,,,,,
"""Fachwörterbuch für Medizin, Verwaltungs- und Rechtswissenschaften"" : Deutsch - Persisch, mit arabischer Übersetzung : Fachrichtungen: Human-Medizin, Zahnmedizin, Umweltmedizin, Neurologie, Psychologie, Anatomie, Physiologie, Pharmazie, Pharmakologie, Homöopathie, Allergien, Medikamente auf pflanzlicher Basis, Rechtswissenschaften, Präjudiz, Verwaltungswesen und verwandte Fachrichtungen. / Verfasser: A. Karim Rakei (Dr. Ing. sc. Agr.) Dānišnāma-i ʿulūm-i piziškī, ādārī wa huqūqī : ālmānī - fārsī, bi hamrā-i luġāt-i lātīn wa ingilīsī wa iṣṭilāḥāt-i ruzmarra - tarǧama-i mustaqīm - luġāt wa iṣṭilāḥāt bi-zabān-i ʿarabī : barā-i rištahā-i piziškī, ālūpātī, piziškī-i hāmīyūpātī, giyāh piziškī-i darmānī, ānātūmī, bihdāštī, dandān piziškī, dārūsāzī, gīyāhān-i dārūyī, dāmpiziškī, āzmāyišgāhī, kumakhā-i piziškī, ʿaksbardārī-i bīmāristānī - idārī - dādgāhī - madadhā-i iǧtimāʿī wa huqūqī - qānūnī - wa rištahā-i wābasta / taʾlīf-i duktur ʿAbd-al-Karīm Rākiʿī, mutarǧam rasmī wa istādiyār-i danišgāh",,"Rakei, A. Karim *1957-* [VerfasserIn]","Rakei, A. Karim",,VerfasserIn,1. Auflage,"Persian, German","Göttingen : Cuvillier Verlag, 2016",473 Seiten,,,"Abweichender Titel: Für Medizin, Verwaltungs- und Rechtswissenschaften Übersetzung in arabischer Schrift",978-3-7369-9226-9 Weitere Ausgaben: 978-3-7369-9226-0 (Fernzugriff)  : (eISBN),18.69 Iranische Sprachen und Literaturen 17.59 Lexikologie | KJQ 352 Wortschatz. Lexikologie {Neupersisch},ALS1 | ALBS,KJQ 352:b = 2015 A 3681:2 | KJQ 352 = 2021 A 2993:2,*Persisch / Deutsch / Medizin / Verwaltungslehre / Rechtswissenschaft / Fachsprache *Persisch / Deutsch,,Wörterbuch der Wissenschaften = Farhang-i ʿilmī-i Rākiʿī / A. Karim Rakei ; Band 2,,,,,,,,,,,,,,
"Farasnāma-i Qaiyim Nahāwandī : kuhan-tarīn farasnāma-i šināḫta šuda bi fārsī / Muḥammad Ibn-Mubārak Zangī maʿrūf bi Qaiyim Nahāwandī ; bi kušiš-i Āḏartāš Āḏarnūš, Nādir Muṭallibī Kāšānī فرسنامه قیم نهاوندی  : کهن ترین فرسنامه شناخته شده به فارسی / محمد بن مبارک زنگی معروف به قیم نهاوندی ؛ به کوشش آذرتاش آذرنوش، نادر مطلبی کاشانی",,"Zangī, Muḥammad Ibn-Mubārak [VerfasserIn] ; زنگی, محمد بن مبارک [VerfasserIn] Āḏarnūš, Āḏartāš *1938-2021* [HerausgeberIn] ; آذرنوش, آذرتاش *1938-2021* [HerausgeberIn] ; Muṭallibī Kāšānī, Nādir [HerausgeberIn] ; مطلبی کاشانی, نادر [HerausgeberIn]","Zangī, Muḥammad Ibn-Mubārak",,VerfasserIn,Čāp-i awwal - چاپ اول,Persian,"Tihrān : Našr-i Nai ; تهران : نشر نی, 1395h.š [2016/2017]","23, 118 Seiten",Quelle,,"In arabischer Schrift, persisch",978-964-185-471-5,"18.69 Iranische Sprachen und Literaturen 17.97 Texte eines einzelnen Autors 48.60 Tierproduktion Tierhaltung: Allgemeines | KJQ 695 Tierzucht, Jagd {Persisch} YFT 100 Pferde {Tierhaltung: Tierzucht}",ALS1,KJQ 695 Zng:z = 2020 A 2070,*Iran / Pferd / Pferdezucht,,,,Horses - Early works to 1800,,,,,,,,,,,,
"Ādīān wa maḏāhib dar Īrān-i bāstān / duktur Katāyūn Mazdāpūr, duktur Zuhrih Zaršinās ...",,"Mazdāpūr, Katāyūn *1943-* [VerfasserIn] Zaršinās, Zuhra *1951-* [VerfasserIn]",Katayun Mazdapour,Q5911559,VerfasserIn,Čāp 2,Persian,"Sāzmān-i Muṭālaʿa wa Tadwīn-i Kutub-i ʿUlūm-i Insānī-i Dānišgāhhā (samt), Markaz-i Taḥqīq wa Tūsʿi-i ʿUlūm Insānī : Tihrān, 1395 h.š. [2016]","6, 598 Seiten : Illustrationen",Einführung,,,"6-00-020138-9, 978-600-02-0138-8",11.14 Persische Religion | CBH 000 Iranische Religionen CBH 100 Zoroastrismus CBH 200 Mithraismus CBH 300 Manichäismus,ALS1,CBH 000:i = 2016 A 8716,*Iran / Religion,,,,,Sāzmān-i Muṭālaʿa wa Tadwīn-i Kutub-i ʿUlūm-i Insānī-i Dānišgāhhā [SonstigeR],,,,,,,,,,,The religions of Ancient Iran
Fihrist-i nusḫahā-i ḫaṭṭī-i farsī az maǧmūʿa-i mīkrūfīlmhā-i Hilmūt Rīttir dar kitābḫāna-i dānišgāh-i Ūpsālā / nigāriš-iʿAlī Muḥaddiṯ Catalogue of the Persian Manuscripts in the Hellmut Ritter microfilm collection of Uppsala University Library,,"Muḥaddiṯ, ʿAlī *1949-* [HerausgeberIn]","Muḥaddiṯ, ʿAlī",,HerausgeberIn,,"Persian, English","Upsālā : Intišārāt-i Kitābḫāna-i Dānišgāh-i Ūpsālā ; Uppsala : Universitet, [2016]","251, 41 Seiten : Illustrationen",Bibliografie; Katalog,"Acta Bibliothecae R. Universitatis Upsaliensis / Uppsala Universitetsbibliotek. - Uppsala : Uppsala universitet, 1921- ; ZDB-ID: 420400-1 ; Vol. 50","Text Persisch, Einleitung Englisch",978-91-554-9511-4,18.69 Iranische Sprachen und Literaturen 17.00 Sprach- und Literaturwissenschaft: Allgemeines 06.17 Orientalische Handschriftenkunde,FMAG,2016 A 27431,*Uppsala Universitetsbibliotek /   Hellmut Ritter Microfilm Collection / Persisch / Handschrift,Dewey Decimal Classification: G:ir S:bg ; G:pe S:hs;,,,,,,,,,,,,,,,
